ORCID,DBLP
0000-0001-5005-6123,https://dblp.org/pid/36/2824.html
0000-0001-5006-4262,https://dblp.org/pid/132/2202.html
0000-0001-5008-4319,https://dblp.org/pid/70/2932-10.html
0000-0001-5028-4601,https://dblp.org/pid/15/1876.html
0000-0001-5038-8320,https://dblp.org/pid/90/3981.html
0000-0001-5042-6198,https://dblp.org/pid/117/3736.html
0000-0001-5046-2279,https://dblp.org/pid/04/2166.html
0000-0001-5056-673X,https://dblp.org/pid/199/2920.html
0000-0001-5063-3808,https://dblp.org/pid/139/6900.html
0000-0001-5063-9783,https://dblp.org/pid/71/5460.html
0000-0001-5069-6817,https://dblp.org/pid/199/3119.html
0000-0001-5078-8498,https://dblp.org/pid/35/5016.html
0000-0001-5082-2078,https://dblp.org/pid/97/5147.html
0000-0001-5092-551X,https://dblp.org/pid/65/4982.html
0000-0001-5094-9837,https://dblp.org/pid/131/8910.html
0000-0001-5101-0557,https://dblp.org/pid/78/5374-1.html
0000-0001-5106-7692,https://dblp.org/pid/139/3792.html
0000-0001-5107-7794,https://dblp.org/pid/150/9240.html
0000-0001-5108-3414,https://dblp.org/pid/02/562-10.html
0000-0001-5115-8439,https://dblp.org/pid/99/9066.html
0000-0001-5162-5113,https://dblp.org/pid/68/3746.html
0000-0001-5178-3496,https://dblp.org/pid/118/6231.html
0000-0001-5185-7686,https://dblp.org/pid/50/5312.html
0000-0001-5189-337X,https://dblp.org/pid/c/JohnMCarroll.html
0000-0001-5192-3495,https://dblp.org/pid/239/5082.html
0000-0001-5202-7326,https://dblp.org/pid/31/2396.html
0000-0001-5203-274X,https://dblp.org/pid/78/5047.html
0000-0001-5203-3793,https://dblp.org/pid/217/2834.html
0000-0001-5203-8797,https://dblp.org/pid/37/3890.html
0000-0001-5207-5029,https://dblp.org/pid/217/9412.html
0000-0001-5207-5352,https://dblp.org/pid/172/7281.html
0000-0001-5211-5377,https://dblp.org/pid/329/4482.html
0000-0001-5212-2235,https://dblp.org/pid/128/9277.html
0000-0001-5219-3447,https://dblp.org/pid/94/5249.html
0000-0001-5248-5642,https://dblp.org/pid/51/3366.html
0000-0001-5255-4599,https://dblp.org/pid/24/7929.html
0000-0001-5263-410X,https://dblp.org/pid/301/0483.html
0000-0001-5268-3331,https://dblp.org/pid/34/5062.html
0000-0001-5269-9579,https://dblp.org/pid/238/5024.html
0000-0001-5283-6588,https://dblp.org/pid/r/MarkORiedl.html
0000-0001-5290-6486,https://dblp.org/pid/137/9443.html
0000-0001-5296-5347,https://dblp.org/pid/61/5730.html
0000-0001-5297-1659,https://dblp.org/pid/199/2602.html
0000-0001-5298-6797,https://dblp.org/pid/217/9363.html
0000-0001-5299-8157,https://dblp.org/pid/35/4287.html
0000-0001-5312-3619,https://dblp.org/pid/77/2637.html
0000-0001-5322-6554,https://dblp.org/pid/73/1124.html
0000-0001-5323-8168,https://dblp.org/pid/84/1187.html
0000-0001-5328-0120,https://dblp.org/pid/264/7245.html
0000-0001-5337-328X,https://dblp.org/pid/61/1413.html
0000-0001-5338-4421,https://dblp.org/pid/90/1598.html
0000-0001-5349-8250,https://dblp.org/pid/70/11465.html
0000-0001-5353-4290,https://dblp.org/pid/215/8921.html
0000-0001-5359-6520,https://dblp.org/pid/14/11456.html
0000-0001-5363-4910,https://dblp.org/pid/19/1694-1.html
0000-0001-5363-5489,https://dblp.org/pid/239/4932.html
0000-0001-5367-2386,https://dblp.org/pid/205/5827.html
0000-0001-5367-2677,https://dblp.org/pid/68/1822.html
0000-0001-5371-5657,https://dblp.org/pid/278/7640.html
0000-0001-5374-6330,https://dblp.org/pid/132/7882-3.html
0000-0001-5387-1350,https://dblp.org/pid/72/11030.html
0000-0001-5401-2515,https://dblp.org/pid/42/8168.html
0000-0001-5410-652X,https://dblp.org/pid/83/3844.html
0000-0001-5414-9933,https://dblp.org/pid/51/7848.html
0000-0001-5441-4637,https://dblp.org/pid/j/JoaquimAJorge.html
0000-0001-5453-8533,https://dblp.org/pid/d/TrevorDarrell.html
0000-0001-5456-8126,https://dblp.org/pid/179/4818.html
0000-0001-5462-8782,https://dblp.org/pid/161/3111.html
0000-0001-5474-6949,https://dblp.org/pid/207/5837.html
0000-0001-5484-9980,https://dblp.org/pid/194/9641.html
0000-0001-5493-1343,https://dblp.org/pid/96/5382-2.html
0000-0001-5495-9119,https://dblp.org/pid/128/3140.html
0000-0001-5500-1383,https://dblp.org/pid/82/3151.html
0000-0001-5506-734X,https://dblp.org/pid/55/4264.html
0000-0001-5509-0689,https://dblp.org/pid/36/10803.html
0000-0001-5524-2291,https://dblp.org/pid/55/7739.html
0000-0001-5535-0081,https://dblp.org/pid/18/9204.html
0000-0001-5546-5452,https://dblp.org/pid/234/9449.html
0000-0001-5547-6426,https://dblp.org/pid/182/6504.html
0000-0001-5551-0815,https://dblp.org/pid/w/XuWang16.html
0000-0001-5552-5283,https://dblp.org/pid/17/2805.html
0000-0001-5553-6767,https://dblp.org/pid/81/363.html
0000-0001-5557-574X,https://dblp.org/pid/54/582.html
0000-0001-5560-4109,https://dblp.org/pid/29/758.html
0000-0001-5560-7123,https://dblp.org/pid/62/5798.html
0000-0001-5564-635X,https://dblp.org/pid/39/11083.html
0000-0001-5566-7409,https://dblp.org/pid/241/3967.html
0000-0001-5577-4407,https://dblp.org/pid/251/1076.html
0000-0001-5583-3008,https://dblp.org/pid/33/11411.html
0000-0001-5583-4430,https://dblp.org/pid/68/9167.html
0000-0001-5586-3725,https://dblp.org/pid/34/2969.html
0000-0001-5592-5949,https://dblp.org/pid/98/3439.html
0000-0001-5594-9713,https://dblp.org/pid/118/3499.html
0000-0001-5602-6056,https://dblp.org/pid/08/7181.html
0000-0001-5610-9265,https://dblp.org/pid/84/3438.html
0000-0001-5611-2923,https://dblp.org/pid/51/9178.html
0000-0001-5614-6066,https://dblp.org/pid/358/8214.html
0000-0001-5620-6305,https://dblp.org/pid/49/4074.html
0000-0001-5630-1679,https://dblp.org/pid/307/7471.html
0000-0001-5639-975X,https://dblp.org/pid/97/1190.html
0000-0001-5648-1059,https://dblp.org/pid/94/243.html
0000-0001-5661-4659,https://dblp.org/pid/i/KoriInkpen.html
0000-0001-5662-0784,https://dblp.org/pid/96/13-6.html
0000-0001-5676-3136,https://dblp.org/pid/207/5446.html
0000-0001-5677-9453,https://dblp.org/pid/144/5497.html
0000-0001-5679-4186,https://dblp.org/pid/319/4112.html
0000-0001-5683-7529,https://dblp.org/pid/208/2413.html
0000-0001-5690-1850,https://dblp.org/pid/207/5883.html
0000-0001-5693-3326,https://dblp.org/pid/02/8546.html
0000-0001-5699-1518,https://dblp.org/pid/358/2701.html
0000-0001-5704-8804,https://dblp.org/pid/192/2609.html
0000-0001-5724-1137,https://dblp.org/pid/41/819.html
0000-0001-5745-1230,https://dblp.org/pid/73/10485.html
0000-0001-5751-9354,https://dblp.org/pid/77/3558.html
0000-0001-5756-0146,https://dblp.org/pid/180/9105.html
0000-0001-5769-6297,https://dblp.org/pid/173/9876.html
0000-0001-5772-0488,https://dblp.org/pid/162/5246.html
0000-0001-5793-6078,https://dblp.org/pid/249/1298.html
0000-0001-5805-5301,https://dblp.org/pid/e/NiklasElmqvist.html
0000-0001-5811-3153,https://dblp.org/pid/128/9421.html
0000-0001-5811-9256,https://dblp.org/pid/39/1730.html
0000-0001-5819-8302,https://dblp.org/pid/88/3411.html
0000-0001-5829-8004,https://dblp.org/pid/208/6446.html
0000-0001-5830-3942,https://dblp.org/pid/161/3873.html
0000-0001-5834-8577,https://dblp.org/pid/76/3174.html
0000-0001-5843-4854,https://dblp.org/pid/167/5030.html
0000-0001-5846-4092,https://dblp.org/pid/13/4561.html
0000-0001-5864-3728,https://dblp.org/pid/81/2409.html
0000-0001-5877-2802,https://dblp.org/pid/20/1640.html
0000-0001-5878-0976,https://dblp.org/pid/121/8542.html
0000-0001-5882-828X,https://dblp.org/pid/24/1547.html
0000-0001-5890-2419,https://dblp.org/pid/95/241.html
0000-0001-5890-6487,https://dblp.org/pid/274/2747.html
0000-0001-5894-8652,https://dblp.org/pid/242/4045.html
0000-0001-5910-4996,https://dblp.org/pid/90/191
0000-0001-5911-2486,https://dblp.org/pid/123/2912.html
0000-0001-5930-3899,https://dblp.org/pid/198/0980.html
0000-0001-5930-519X,https://dblp.org/pid/02/338.html
0000-0001-5933-1363,https://dblp.org/pid/129/2159.html
0000-0001-5939-4145,https://dblp.org/pid/05/6574.html
0000-0001-5956-9080,https://dblp.org/pid/194/9653.html
0000-0001-5958-140X,https://dblp.org/pid/179/4592.html
0000-0001-5971-2705,https://dblp.org/pid/50/4201.html
0000-0001-5975-4294,https://dblp.org/pid/37/6727.html
0000-0001-5982-9321,https://dblp.org/pid/239/7709.html
0000-0001-5985-691X,https://dblp.org/pid/o/NuriaOliver.html
0000-0001-5992-6471,https://dblp.org/pid/181/2794.html
0000-0001-6000-8803,https://dblp.org/pid/43/8397.html
0000-0001-6038-5959,https://dblp.org/pid/44/11301.html
0000-0001-6040-5366,https://dblp.org/pid/186/0288.html
0000-0001-6048-042X,https://dblp.org/pid/32/2745.html
0000-0001-6050-5404,https://dblp.org/pid/144/5388.html
0000-0001-6056-7285,https://dblp.org/pid/13/2213.html
0000-0001-6063-3676,https://dblp.org/pid/26/1200.html
0000-0001-6076-4406,https://dblp.org/pid/219/5676.html
0000-0001-6083-2114,https://dblp.org/pid/29/9598.html
0000-0001-6093-6116,https://dblp.org/pid/27/2643.html
0000-0001-6094-1361,https://dblp.org/pid/67/1932.html
0000-0001-6094-9531,https://dblp.org/pid/151/3248.html
0000-0001-6095-2570,https://dblp.org/pid/154/1793.html
0000-0001-6097-2467,https://dblp.org/pid/86/2663-1.html
0000-0001-6098-7861,https://dblp.org/pid/93/100.html
0000-0001-6101-3401,https://dblp.org/pid/r/MBRosson.html
0000-0001-6116-5843,https://dblp.org/pid/206/0654.html
0000-0001-6134-3531,https://dblp.org/pid/35/573-10.html
0000-0001-6135-410X,https://dblp.org/pid/83/6313.html
0000-0001-6137-5189,https://dblp.org/pid/94/3450.html
0000-0001-6139-1162,https://dblp.org/pid/71/3893.html
0000-0001-6151-2913,https://dblp.org/pid/07/5402.html
0000-0001-6152-8034,https://dblp.org/pid/116/7161.html
0000-0001-6166-6138,https://dblp.org/pid/192/6828-1.html
0000-0001-6168-0132,https://dblp.org/pid/178/1872.html
0000-0001-6169-2942,https://dblp.org/pid/j/MatthiasJarke.html
0000-0001-6176-968X,https://dblp.org/pid/126/2498.html
0000-0001-6180-7033,https://dblp.org/pid/79/8692.html
0000-0001-6201-7922,https://dblp.org/pid/159/0606.html
0000-0001-6203-0780,https://dblp.org/pid/27/4651.html
0000-0001-6233-9593,https://dblp.org/pid/126/9834.html
0000-0001-6252-7244,https://dblp.org/pid/179/5264.html
0000-0001-6259-0745,https://dblp.org/pid/161/5783.html
0000-0001-6268-1583,https://dblp.org/pid/234/2691.html
0000-0001-6283-5546,https://dblp.org/pid/127/7170.html
0000-0001-6288-7303,https://dblp.org/pid/239/9793.html
0000-0001-6290-2681,https://dblp.org/pid/92/2963.html
0000-0001-6296-3134,https://dblp.org/pid/190/7055.html
0000-0001-6300-9035,https://dblp.org/pid/76/6512.html
0000-0001-6311-3967,https://dblp.org/pid/99/3558.html
0000-0001-6316-2339,https://dblp.org/pid/c/AdrianDavidCheok.html
0000-0001-6317-7303,https://dblp.org/pid/67/1543.html
0000-0001-6348-4127,https://dblp.org/pid/64/3462-1.html
0000-0001-6356-2244,https://dblp.org/pid/348/7240.html
0000-0001-6361-4868,https://dblp.org/pid/193/2532.html
0000-0001-6374-2851,https://dblp.org/pid/33/10916.html
0000-0001-6389-0467,https://dblp.org/pid/c/TeresaInesCerratto.html
0000-0001-6410-2995,https://dblp.org/pid/47/1006.html
0000-0001-6430-7704,https://dblp.org/pid/31/3062.html
0000-0001-6433-1528,https://dblp.org/pid/93/11456.html
0000-0001-6434-7589,https://dblp.org/pid/56/8321
0000-0001-6435-3583,https://dblp.org/pid/70/11300.html
0000-0001-6437-0463,https://dblp.org/pid/37/10667.html
0000-0001-6445-654X,https://dblp.org/pid/152/8984.html
0000-0001-6453-8676,https://dblp.org/pid/36/1388-1.html
0000-0001-6463-4828,https://dblp.org/pid/m/RainerMalaka.html
0000-0001-6466-0663,https://dblp.org/pid/119/4562.html
0000-0001-6472-3476,https://dblp.org/pid/m/FlorianMueller-1.html
0000-0001-6482-1973,https://dblp.org/pid/47/3113.html
0000-0001-6502-7114,https://dblp.org/pid/11/6614.html
0000-0001-6518-6481,https://dblp.org/pid/290/7895.html
0000-0001-6519-318X,https://dblp.org/pid/239/9770.html
0000-0001-6527-7084,https://dblp.org/pid/37/7457-1.html
0000-0001-6536-7629,https://dblp.org/pid/b/MMBurnett.html
0000-0001-6543-2937,https://dblp.org/pid/295/7820.html
0000-0001-6552-4540,https://dblp.org/pid/144/5461.html
0000-0001-6558-6944,https://dblp.org/pid/10/7380.html
0000-0001-6568-2792,https://dblp.org/pid/150/5577.html
0000-0001-6568-3373,https://dblp.org/pid/120/4257.html
0000-0001-6576-603X,https://dblp.org/pid/74/5667.html
0000-0001-6587-1278,https://dblp.org/pid/76/7597.html
0000-0001-6588-9494,https://dblp.org/pid/195/3941.html
0000-0001-6598-1733,https://dblp.org/pid/33/3658.html
0000-0001-6602-3123,https://dblp.org/pid/242/4083.html
0000-0001-6603-6741,https://dblp.org/pid/50/5790-6.html
0000-0001-6611-7496,https://dblp.org/pid/127/3636.html
0000-0001-6614-0821,https://dblp.org/pid/329/4154.html
0000-0001-6630-3512,https://dblp.org/pid/190/1058.html
0000-0001-6631-799X,https://dblp.org/pid/199/2930.html
0000-0001-6648-4456,https://dblp.org/pid/289/3845.html
0000-0001-6654-7285,https://dblp.org/pid/199/3038.html
0000-0001-6655-1946,https://dblp.org/pid/118/1408.html
0000-0001-6678-1370,https://dblp.org/pid/57/8329.html
0000-0001-6692-4853,https://dblp.org/pid/211/7174.html
0000-0001-6695-4809,https://dblp.org/pid/77/10485.html
0000-0001-6715-1290,https://dblp.org/pid/53/154.html
0000-0001-6722-9959,https://dblp.org/pid/315/0300.html
0000-0001-6723-1936,https://dblp.org/pid/g/TCNicholasGraham.html
0000-0001-6726-4009,https://dblp.org/pid/217/9361.html
0000-0001-6728-2768,https://dblp.org/pid/88/635.html
0000-0001-6730-922X,https://dblp.org/pid/176/0446.html
0000-0001-6740-4550,https://dblp.org/pid/03/9799.html
0000-0001-6740-4921,https://dblp.org/pid/33/7597.html
0000-0001-6749-5528,https://dblp.org/pid/85/6508.html
0000-0001-6764-5661,https://dblp.org/pid/25/7983.html
0000-0001-6777-237X,https://dblp.org/pid/01/10926.html
0000-0001-6788-251X,https://dblp.org/pid/45/7528.html
0000-0001-6810-1383,https://dblp.org/pid/179/4864.html
0000-0001-6826-3550,https://dblp.org/pid/84/9543.html
0000-0001-6826-9688,https://dblp.org/pid/162/3957.html
0000-0001-6841-614X,https://dblp.org/pid/60/1681.html
0000-0001-6856-9269,https://dblp.org/pid/i/WijnandIJsselsteijn.html
0000-0001-6868-7732,https://dblp.org/pid/217/9290.html
0000-0001-6871-3523,https://dblp.org/pid/217/5408.html
0000-0001-6880-6594,https://dblp.org/pid/211/2921.html
0000-0001-6895-305X,https://dblp.org/pid/20/3422.html
0000-0001-6905-6748,https://dblp.org/pid/40/5119.html
0000-0001-6925-3258,https://dblp.org/pid/239/8054.html
0000-0001-6927-0111,https://dblp.org/pid/264/3646.html
0000-0001-6930-5468,https://dblp.org/pid/12/7258.html
0000-0001-6931-337X,https://dblp.org/pid/196/7236.html
0000-0001-6939-5870,https://dblp.org/pid/47/3938.html
0000-0001-6940-0449,https://dblp.org/pid/179/4706.html
0000-0001-6940-3818,https://dblp.org/pid/161/3234.html
0000-0001-6950-0570,https://dblp.org/pid/169/0597.html
0000-0001-6950-6294,https://dblp.org/pid/118/7928.html
0000-0001-6955-3680,https://dblp.org/pid/300/2918.html
0000-0001-6956-3459,https://dblp.org/pid/19/10689.html
0000-0001-6957-0480,https://dblp.org/pid/192/6312.html
0000-0001-6973-6903,https://dblp.org/pid/92/6841-8.html
0000-0001-6975-1900,https://dblp.org/pid/183/7914.html
0000-0001-6983-6795,https://dblp.org/pid/17/4053.html
0000-0001-6983-8838,https://dblp.org/pid/297/7974.html
0000-0001-6984-0313,https://dblp.org/pid/180/8158.html
0000-0001-7007-3756,https://dblp.org/pid/133/8536.html
0000-0001-7010-9632,https://dblp.org/pid/144/5466.html
0000-0001-7019-0709,https://dblp.org/pid/194/2793-1.html
0000-0001-7021-4627,https://dblp.org/pid/215/4581.html
0000-0001-7048-9292,https://dblp.org/pid/80/6465.html
0000-0001-7049-1173,https://dblp.org/pid/96/857.html
0000-0001-7051-5200,https://dblp.org/pid/129/9490.html
0000-0001-7057-0525,https://dblp.org/pid/28/4033.html
0000-0001-7061-8947,https://dblp.org/pid/55/61.html
0000-0001-7075-2986,https://dblp.org/pid/141/3850.html
0000-0001-7076-6229,https://dblp.org/pid/40/11300.html
0000-0001-7085-8326,https://dblp.org/pid/284/0960.html
0000-0001-7099-6104,https://dblp.org/pid/217/9504.html
0000-0001-7120-982X,https://dblp.org/pid/45/1926.html
0000-0001-7127-4031,https://dblp.org/pid/185/5239.html
0000-0001-7129-9642,https://dblp.org/pid/179/7489.html
0000-0001-7130-996X,https://dblp.org/pid/28/6097.html
0000-0001-7145-3320,https://dblp.org/pid/89/3841.html
0000-0001-7148-5138,https://dblp.org/pid/200/1580.html
0000-0001-7150-5784,https://dblp.org/pid/43/7406.html
0000-0001-7154-4740,https://dblp.org/pid/38/3540.html
0000-0001-7161-3048,https://dblp.org/pid/276/9531.html
0000-0001-7162-0133,https://dblp.org/pid/144/5564.html
0000-0001-7166-8567,https://dblp.org/pid/45/4911.html
0000-0001-7167-7383,https://dblp.org/pid/132/9687.html
0000-0001-7174-8209,https://dblp.org/pid/24/5319.html
0000-0001-7179-0861,https://dblp.org/pid/65/4423-70.html
0000-0001-7186-1383,https://dblp.org/pid/03/6629.html
0000-0001-7191-0026,https://dblp.org/pid/38/7848.html
0000-0001-7195-3966,https://dblp.org/pid/161/3555.html
0000-0001-7204-465X,https://dblp.org/pid/78/6581.html
0000-0001-7210-9919,https://dblp.org/pid/228/4211.html
0000-0001-7211-5665,https://dblp.org/pid/212/3082.htmls
0000-0001-7212-7623,https://dblp.org/pid/251/5816.html
0000-0001-7216-7895,https://dblp.org/pid/20/2027.html
0000-0001-7227-7437,https://dblp.org/pid/220/3687.html
0000-0001-7231-1076,https://dblp.org/pid/217/5558.html
0000-0001-7233-370X,https://dblp.org/pid/228/5896.html
0000-0001-7239-7084,https://dblp.org/pid/207/2056.html
0000-0001-7242-8442,https://dblp.org/pid/34/3848.html
0000-0001-7250-1953,https://dblp.org/pid/62/4996.html
0000-0001-7260-8670,https://dblp.org/pid/74/581.html
0000-0001-7271-9100,https://dblp.org/pid/95/9539.html
0000-0001-7278-9344,https://dblp.org/pid/208/8767.html
0000-0001-7292-7196,https://dblp.org/pid/121/8725.html
0000-0001-7295-3386,https://dblp.org/pid/92/333.html
0000-0001-7298-7607,https://dblp.org/pid/151/6733.html
0000-0001-7298-7762,https://dblp.org/pid/344/8733.html
0000-0001-7313-0082,https://dblp.org/pid/63/9606.html
0000-0001-7328-0072,https://dblp.org/pid/164/5593.html
0000-0001-7331-2433,https://dblp.org/pid/292/6137.html
0000-0001-7341-2629,https://dblp.org/pid/344/8557.html
0000-0001-7354-260X,https://dblp.org/pid/76/7114.html
0000-0001-7370-3944,https://dblp.org/pid/93/5092-1.html
0000-0001-7384-4552,https://dblp.org/pid/222/8497.html
0000-0001-7393-3379,https://dblp.org/pid/75/364.html
0000-0001-7394-4991,https://dblp.org/pid/57/1668.html
0000-0001-7395-0769,https://dblp.org/pid/58/2279.html
0000-0001-7396-9507,https://dblp.org/pid/179/5017.html
0000-0001-7437-7861,https://dblp.org/pid/k/JAKientz.html
0000-0001-7440-3900,https://dblp.org/pid/k/JosephKaye.html
0000-0001-7441-5493,https://dblp.org/pid/01/9308.html
0000-0001-7448-7577,https://dblp.org/pid/47/4933.html
0000-0001-7454-8659,https://dblp.org/pid/147/0713.html
0000-0001-7461-4783,https://dblp.org/pid/181/2345.html
0000-0001-7472-2215,https://dblp.org/pid/98/5478.html
0000-0001-7477-6782,https://dblp.org/pid/205/2107.html
0000-0001-7482-5716,https://dblp.org/pid/125/1781.html
0000-0001-7491-986X,https://dblp.org/pid/31/10855.html
0000-0001-7494-0941,https://dblp.org/pid/01/2294.html
0000-0001-7515-3755,https://dblp.org/pid/199/3032.html
0000-0001-7522-1842,https://dblp.org/pid/63/4087.html
0000-0001-7525-5129,https://dblp.org/pid/89/6248-1.html
0000-0001-7526-5597,https://dblp.org/pid/78/3405-3.html
0000-0001-7530-6838,https://dblp.org/pid/01/3933-1.html
0000-0001-7536-5504,https://dblp.org/pid/186/5364.html
0000-0001-7549-1797,https://dblp.org/pid/31/1581.html
0000-0001-7562-019X,https://dblp.org/pid/339/8907.html
0000-0001-7580-0035,https://dblp.org/pid/292/5448.html
0000-0001-7595-1079,https://dblp.org/pid/224/4443.html
0000-0001-7596-9244,https://dblp.org/pid/84/792.html
0000-0001-7606-4711,https://dblp.org/pid/194/9618.html
0000-0001-7611-8046,https://dblp.org/pid/44/8835.html
0000-0001-7612-0234,https://dblp.org/pid/r/YvonneRogers.html
0000-0001-7613-0029,https://dblp.org/pid/160/4321.html
0000-0001-7620-0541,https://dblp.org/pid/59/838.html
0000-0001-7645-4488,https://dblp.org/pid/264/7136.html
0000-0001-7647-6652,https://dblp.org/pid/89/10509.html
0000-0001-7648-3115,https://dblp.org/pid/09/2951.html
0000-0001-7651-2190,https://dblp.org/pid/94/11456.html
0000-0001-7657-7373,https://dblp.org/pid/74/1707.html
0000-0001-7659-0535,https://dblp.org/pid/96/4484.html
0000-0001-7661-2220,https://dblp.org/pid/136/8393.html
0000-0001-7668-2800,https://dblp.org/pid/231/6718.html
0000-0001-7677-027X,https://dblp.org/pid/173/6403.html
0000-0001-7685-1598,https://dblp.org/pid/258/0906.html
0000-0001-7693-7340,https://dblp.org/pid/129/1958.html
0000-0001-7715-7557,https://dblp.org/pid/167/8350.html
0000-0001-7736-6076,https://dblp.org/pid/06/10948.html
0000-0001-7743-7807,https://dblp.org/pid/31/7503.html
0000-0001-7747-7112,https://dblp.org/pid/205/3647.html
0000-0001-7750-2058,https://dblp.org/pid/04/3268.html
0000-0001-7752-6965,https://dblp.org/pid/32/4764.html
0000-0001-7764-3459,https://dblp.org/pid/43/5578.html
0000-0001-7768-3610,https://dblp.org/pid/160/5349.html
0000-0001-7772-0530,https://dblp.org/pid/51/6280.html
0000-0001-7782-5754,https://dblp.org/pid/58/2760.html
0000-0001-7807-0410,https://dblp.org/pid/199/3036.html
0000-0001-7808-5524,https://dblp.org/pid/37/4190-5.html
0000-0001-7817-5431,https://dblp.org/pid/142/8156.html
0000-0001-7817-5589,https://dblp.org/pid/52/4267.html
0000-0001-7823-5211,https://dblp.org/pid/49/10513.html
0000-0001-7843-232X,https://dblp.org/pid/162/5830.html
0000-0001-7860-163X,https://dblp.org/pid/91/2964.html
0000-0001-7868-4754,https://dblp.org/pid/228/8306.html
0000-0001-7882-1878,https://dblp.org/pid/39/3002.html
0000-0001-7882-9415,https://dblp.org/pid/129/2163.html
0000-0001-7885-9470,https://dblp.org/pid/176/9589.html
0000-0001-7894-9740,https://dblp.org/pid/32/6218.html
0000-0001-7897-9325,https://dblp.org/pid/33/318.html
0000-0001-7902-3907,https://dblp.org/pid/32/9846.html
0000-0001-7902-7625,https://dblp.org/pid/158/9197.html
0000-0001-7904-4257,https://dblp.org/pid/80/4717.html
0000-0001-7908-1787,https://dblp.org/pid/d/AllisonDruin.html
0000-0001-7908-5286,https://dblp.org/pid/44/6292-17.html
0000-0001-7911-3507,https://dblp.org/pid/87/5100.html
0000-0001-7923-3920,https://dblp.org/pid/20/2563.html
0000-0001-7935-7368,https://dblp.org/pid/59/3873.html
0000-0001-7943-9064,https://dblp.org/pid/26/4533.html
0000-0001-7948-8093,https://dblp.org/pid/137/0138.html
0000-0001-7967-4101,https://dblp.org/pid/82/5611.html
0000-0001-7969-5025,https://dblp.org/pid/91/6762.html
0000-0001-7971-3107,https://dblp.org/pid/23/1695.html
0000-0001-7976-0886,https://dblp.org/pid/283/4334.html
0000-0001-7990-1474,https://dblp.org/pid/66/5901.html
0000-0001-7990-4229,https://dblp.org/pid/14/1060.html
0000-0001-8020-9434,https://dblp.org/pid/48/2547.html
0000-0001-8023-4648,https://dblp.org/pid/202/1478.html
0000-0001-8027-5765,https://dblp.org/pid/98/6645.html
0000-0001-8038-7409,https://dblp.org/pid/90/8307.html
0000-0001-8041-2520,https://dblp.org/pid/b/SteveBenford.html
0000-0001-8041-7962,https://dblp.org/pid/60/8079-1.html
0000-0001-8042-3342,https://dblp.org/pid/68/581.html
0000-0001-8045-8385,https://dblp.org/pid/46/5421.html
0000-0001-8070-0952,https://dblp.org/pid/199/2653.html
0000-0001-8082-1033,https://dblp.org/pid/55/1816.html
0000-0001-8085-7853,https://dblp.org/pid/04/4430.html
0000-0001-8086-0366,https://dblp.org/pid/93/5838.html
0000-0001-8108-1954,https://dblp.org/pid/27/633.html
0000-0001-8110-4239,https://dblp.org/pid/32/7982.html
0000-0001-8112-5099,https://dblp.org/pid/z/PanayiotisZaphiris.html
0000-0001-8114-9162,https://dblp.org/pid/29/1760.html
0000-0001-8116-4522,https://dblp.org/pid/08/4981.html
0000-0001-8120-1012,https://dblp.org/pid/276/5983.html
0000-0001-8120-6905,https://dblp.org/pid/08/2050.html
0000-0001-8122-6252,https://dblp.org/pid/39/805.html
0000-0001-8154-8518,https://dblp.org/pid/119/4545.html
0000-0001-8176-8019,https://dblp.org/pid/00/2798.html
0000-0001-8178-8693,https://dblp.org/pid/53/3882.html
0000-0001-8179-7872,https://dblp.org/pid/207/2180.html
0000-0001-8182-5909,https://dblp.org/pid/08/5508.html
0000-0001-8188-0457,https://dblp.org/pid/129/5092.html
0000-0001-8195-4671,https://dblp.org/pid/179/4686.html
0000-0001-8199-071X,https://dblp.org/pid/239/4394.html
0000-0001-8211-0569,https://dblp.org/pid/178/3323-2.html
0000-0001-8219-8126,https://dblp.org/pid/21/9599.html
0000-0001-8222-8540,https://dblp.org/pid/28/7521.html
0000-0001-8255-4258,https://dblp.org/pid/244/3144.html
0000-0001-8261-1099,https://dblp.org/pid/264/7301.html
0000-0001-8261-2382,https://dblp.org/pid/m/WendyEMackay.html
0000-0001-8262-6434,https://dblp.org/pid/83/3006.html
0000-0001-8268-5864,https://dblp.org/pid/264/7213.html
0000-0001-8282-4094,https://dblp.org/pid/251/3688.html
0000-0001-8291-3353,https://dblp.org/pid/18/2354.html
0000-0001-8292-9232,https://dblp.org/pid/129/2047.html
0000-0001-8297-6792,https://dblp.org/pid/160/8334.html
0000-0001-8320-222X,https://dblp.org/pid/25/3297.html
0000-0001-8328-6662,https://dblp.org/pid/15/622.html
0000-0001-8329-0522,https://dblp.org/pid/06/616.html
0000-0001-8331-1645,https://dblp.org/pid/61/5974.html
0000-0001-8335-0652,https://dblp.org/pid/85/4986.html
0000-0001-8338-4852,https://dblp.org/pid/36/3798.html
0000-0001-8353-7388,https://dblp.org/pid/g/TomGross.html
0000-0001-8354-2195,https://dblp.org/pid/51/6825.html
0000-0001-8354-2320,https://dblp.org/pid/171/6029.html
0000-0001-8355-6909,https://dblp.org/pid/05/6915.html
0000-0001-8357-0727,https://dblp.org/pid/67/1227.html
0000-0001-8358-4264,https://dblp.org/pid/46/1633.html
0000-0001-8374-7596,https://dblp.org/pid/157/1889-1.html
0000-0001-8386-5779,https://dblp.org/pid/191/7488.html
0000-0001-8389-2064,https://dblp.org/pid/82/5446.html
0000-0001-8409-4910,https://dblp.org/pid/128/9614.html
0000-0001-8420-3929,https://dblp.org/pid/190/2066.html
0000-0001-8431-0601,https://dblp.org/pid/23/958.html
0000-0001-8458-7715,https://dblp.org/pid/36/5402.html
0000-0001-8486-9384,https://dblp.org/pid/m/ElizabethDMynatt.html
0000-0001-8500-0277,https://dblp.org/pid/133/6604.html
0000-0001-8503-5621,https://dblp.org/pid/w/BruceNWalker.html
0000-0001-8506-3825,https://dblp.org/pid/205/0119.html
0000-0001-8511-2834,https://dblp.org/pid/276/4012.html
0000-0001-8525-0495,https://dblp.org/pid/34/2560.html
0000-0001-8528-8928,https://dblp.org/pid/02/5386.html
0000-0001-8534-546X,https://dblp.org/pid/160/7794.html
0000-0001-8542-6913,https://dblp.org/pid/160/5945.html
0000-0001-8554-0273,https://dblp.org/pid/c/MariaFrancescaCostabile.html
0000-0001-8587-2358,https://dblp.org/pid/261/0742.html
0000-0001-8588-8480,https://dblp.org/pid/285/6720.html
0000-0001-8592-3151,https://dblp.org/pid/256/8124.html
0000-0001-8608-1427,https://dblp.org/pid/33/9958.html
0000-0001-8613-0380,https://dblp.org/pid/159/0338.html
0000-0001-8613-3477,https://dblp.org/pid/62/5333.html
0000-0001-8615-3072,https://dblp.org/pid/251/3859.html
0000-0001-8627-9898,https://dblp.org/pid/207/5418.html
0000-0001-8632-2411,https://dblp.org/pid/04/4400.html
0000-0001-8639-5135,https://dblp.org/pid/01/6965.html
0000-0001-8647-3690,https://dblp.org/pid/97/9598.html
0000-0001-8648-340X,https://dblp.org/pid/02/6193.html
0000-0001-8654-6714,https://dblp.org/pid/180/1417.html
0000-0001-8661-9426,https://dblp.org/pid/216/6662.html
0000-0001-8666-1800,https://dblp.org/pid/95/1311.html
0000-0001-8666-8527,https://dblp.org/pid/129/2200.html
0000-0001-8677-811X,https://dblp.org/pid/49/7449.html
0000-0001-8684-2070,https://dblp.org/pid/124/8590.html
0000-0001-8686-3859,https://dblp.org/pid/64/3412.html
0000-0001-8693-5453,https://dblp.org/pid/386/6213.html
0000-0001-8708-1429,https://dblp.org/pid/344/8602.html
0000-0001-8713-5917,https://dblp.org/pid/71/9822.html
0000-0001-8724-4662,https://dblp.org/pid/252/6075.html
0000-0001-8726-740X,https://dblp.org/pid/218/5344.html
0000-0001-8728-7638,https://dblp.org/pid/252/4313.html
0000-0001-8742-1198,https://dblp.org/pid/07/848.html
0000-0001-8747-8266,https://dblp.org/pid/221/0766.html
0000-0001-8765-6579,https://dblp.org/pid/75/5843.html
0000-0001-8783-7783,https://dblp.org/pid/151/3643.html
0000-0001-8788-3405,https://dblp.org/pid/64/4500.html
0000-0001-8794-8651,https://dblp.org/pid/11/7031.html
0000-0001-8798-4580,https://dblp.org/pid/41/9388.html
0000-0001-8804-5366,https://dblp.org/pid/82/5916.html
0000-0001-8804-8161,https://dblp.org/pid/179/4603.html
0000-0001-8812-0127,https://dblp.org/pid/179/4588.html
0000-0001-8812-4996,https://dblp.org/pid/13/6137.html
0000-0001-8838-0391,https://dblp.org/pid/149/5825.html
0000-0001-8838-2012,https://dblp.org/pid/56/3025-1.html
0000-0001-8841-4416,https://dblp.org/pid/76/2682.html
0000-0001-8845-6034,https://dblp.org/pid/278/0595.html
0000-0001-8857-8787,https://dblp.org/pid/80/10485.html
0000-0001-8878-2454,https://dblp.org/pid/23/3543.html
0000-0001-8885-8367,https://dblp.org/pid/d/RobertDeLine.html
0000-0001-8910-0822,https://dblp.org/pid/194/9606.html
0000-0001-8914-071X,https://dblp.org/pid/34/4583.html
0000-0001-8915-0360,https://dblp.org/pid/61/9545.html
0000-0001-8915-4572,https://dblp.org/pid/47/6825.html
0000-0001-8923-0803,https://dblp.org/pid/119/3342.html
0000-0001-8946-4802,https://dblp.org/pid/53/11368.html
0000-0001-8947-615X,https://dblp.org/pid/239/9756.html
0000-0001-8951-2878,https://dblp.org/pid/179/5041.html
0000-0001-8959-1975,https://dblp.org/pid/242/2074.html
0000-0001-8961-716X,https://dblp.org/pid/38/3020.html
0000-0001-8974-8610,https://dblp.org/pid/172/1726.html
0000-0001-8980-5232,https://dblp.org/pid/20/4907.html
0000-0001-8990-2411,https://dblp.org/pid/66/4224.html
0000-0001-8990-699X,https://dblp.org/pid/161/7770.html
0000-0001-8993-9855,https://dblp.org/pid/90/41.html
0000-0001-9000-7916,https://dblp.org/pid/181/8287.html
0000-0001-9002-3588,https://dblp.org/pid/179/5012.html
0000-0001-9006-0805,https://dblp.org/pid/97/4414.html
0000-0001-9010-5380,https://dblp.org/pid/138/1025.html
0000-0001-9016-038X,https://dblp.org/pid/187/9736.html
0000-0001-9020-8929,https://dblp.org/pid/37/8857.html
0000-0001-9021-0615,https://dblp.org/pid/72/11412.html
0000-0001-9034-3020,https://dblp.org/pid/55/1675.html
0000-0001-9036-3566,https://dblp.org/pid/171/9175.html
0000-0001-9044-6644,https://dblp.org/pid/29/5042.html
0000-0001-9065-2843,https://dblp.org/pid/93/863.html
0000-0001-9065-3061,https://dblp.org/pid/s/AbigailSellen.html
0000-0001-9073-8727,https://dblp.org/pid/136/6232.html
0000-0001-9079-4921,https://dblp.org/pid/91/9735.html
0000-0001-9081-032X,https://dblp.org/pid/231/6347.html
0000-0001-9092-6103,https://dblp.org/pid/251/1700.html
0000-0001-9118-0454,https://dblp.org/pid/144/5582.html
0000-0001-9132-2969,https://dblp.org/pid/03/218.html
0000-0001-9133-3828,https://dblp.org/pid/161/3768.html
0000-0001-9145-6609,https://dblp.org/pid/35/6584.html
0000-0001-9163-7450,https://dblp.org/pid/134/7639.html
0000-0001-9168-5188,https://dblp.org/pid/39/1045.html
0000-0001-9175-2176,https://dblp.org/pid/28/184.html
0000-0001-9187-9265,https://dblp.org/pid/228/7001.html
0000-0001-9190-650X,https://dblp.org/pid/240/2548-1.html
0000-0001-9194-934X,https://dblp.org/pid/f/JamesFogarty.html
0000-0001-9207-9550,https://dblp.org/pid/179/5345.html
0000-0001-9208-7921,https://dblp.org/pid/243/2416.html
0000-0001-9223-9593,https://dblp.org/pid/318/9750.html
0000-0001-9228-006X,https://dblp.org/pid/90/5129-1.html
0000-0001-9234-9960,https://dblp.org/pid/00/6661-3.html
0000-0001-9235-5324,https://dblp.org/pid/84/6721.html
0000-0001-9235-6095,https://dblp.org/pid/264/7247.html
0000-0001-9241-3117,https://dblp.org/pid/251/5818.html
0000-0001-9244-7915,https://dblp.org/pid/159/0604-1.html
0000-0001-9265-4041,https://dblp.org/pid/30/6097-1.html
0000-0001-9279-9021,https://dblp.org/pid/f/SidneyFels.html
0000-0001-9287-3770,https://dblp.org/pid/121/1109.html
0000-0001-9290-846X,https://dblp.org/pid/83/7982.html
0000-0001-9297-9612,https://dblp.org/pid/64/5059.html
0000-0001-9298-0816,https://dblp.org/pid/63/2164.html
0000-0001-9299-0344,https://dblp.org/pid/41/9058.html
0000-0001-9313-6860,https://dblp.org/pid/17/104.html
0000-0001-9314-7762,https://dblp.org/pid/h/SteveHodges.html
0000-0001-9327-3793,https://dblp.org/pid/34/7464.html
0000-0001-9341-6088,https://dblp.org/pid/222/6381.html
0000-0001-9343-9837,https://dblp.org/pid/161/3305.html
0000-0001-9357-9696,https://dblp.org/pid/35/6470.html
0000-0001-9359-7122,https://dblp.org/pid/126/1857.html
0000-0001-9362-9032,https://dblp.org/pid/90/9167.html
0000-0001-9365-3155,https://dblp.org/pid/66/9786.html
0000-0001-9371-9441,https://dblp.org/pid/161/3389.html
0000-0001-9374-3759,https://dblp.org/pid/92/2757.html
0000-0001-9390-3900,https://dblp.org/pid/280/8210.html
0000-0001-9391-8301,https://dblp.org/pid/01/4545.html
0000-0001-9394-8463,https://dblp.org/pid/119/8642.html
0000-0001-9402-1133,https://dblp.org/pid/42/6100.html
0000-0001-9405-0399,https://dblp.org/pid/98/6101.html
0000-0001-9406-5064,https://dblp.org/pid/82/4973.html
0000-0001-9413-6774,https://dblp.org/pid/l/RELadner.html
0000-0001-9414-9911,https://dblp.org/pid/148/4263-1.html
0000-0001-9421-1199,https://dblp.org/pid/76/2498.html
0000-0001-9421-7128,https://dblp.org/pid/128/9587.html
0000-0001-9427-8772,https://dblp.org/pid/65/1310.html
0000-0001-9429-692X,https://dblp.org/pid/224/1283.html
0000-0001-9440-8530,https://dblp.org/pid/239/9581.html
0000-0001-9446-0419,https://dblp.org/pid/85/2585.html
0000-0001-9448-914X,https://dblp.org/pid/80/309.html
0000-0001-9462-9835,https://dblp.org/pid/133/8390.html
0000-0001-9472-3805,https://dblp.org/pid/69/7339.html
0000-0001-9486-8043,https://dblp.org/pid/66/6502.html
0000-0001-9489-4188,https://dblp.org/pid/d/LauraADabbish.html
0000-0001-9493-7926,https://dblp.org/pid/239/8058.html
0000-0001-9518-4364,https://dblp.org/pid/82/11011.html
0000-0001-9526-4356,https://dblp.org/pid/146/0106.html
0000-0001-9529-4467,https://dblp.org/pid/94/2188.html
0000-0001-9547-3449,https://dblp.org/pid/135/9708-1.html
0000-0001-9551-719X,https://dblp.org/pid/200/2309.html
0000-0001-9568-2646,https://dblp.org/pid/h/JamesDHollan.html
0000-0001-9578-9953,https://dblp.org/pid/123/3185.html
0000-0001-9583-4005,https://dblp.org/pid/379/1610.html
0000-0001-9590-8107,https://dblp.org/pid/04/976.html
0000-0001-9595-498X,https://dblp.org/pid/128/9286.html
0000-0001-9597-7532,https://dblp.org/pid/243/4285.html
0000-0001-9598-2753,https://dblp.org/pid/135/6830.html
0000-0001-9603-5272,https://dblp.org/pid/09/4978-1.html
0000-0001-9604-4056,https://dblp.org/pid/166/3217.html
0000-0001-9655-9519,https://dblp.org/pid/79/7439-1.html
0000-0001-9666-2663,https://dblp.org/pid/244/5115.html
0000-0001-9666-786X,https://dblp.org/pid/14/2607.html
0000-0001-9666-8387,https://dblp.org/pid/24/2863.html
0000-0001-9668-3384,https://dblp.org/pid/211/6909.html
0000-0001-9669-7276,https://dblp.org/pid/181/7338.html
0000-0001-9674-8440,https://dblp.org/pid/20/7689.html
0000-0001-9683-5237,https://dblp.org/pid/s/BerntSchiele.html
0000-0001-9685-3961,https://dblp.org/pid/220/3590.html
0000-0001-9691-0129,https://dblp.org/pid/261/4390.html
0000-0001-9709-8275,https://dblp.org/pid/70/1220-25.html
0000-0001-9712-4090,https://dblp.org/pid/54/5541.html
0000-0001-9712-5114,https://dblp.org/pid/n/HideyukiNakanishi.html
0000-0001-9717-9382,https://dblp.org/pid/38/9944.html
0000-0001-9720-3899,https://dblp.org/pid/b/StephenABrewster.html
0000-0001-9727-1664,https://dblp.org/pid/a/MSAckerman.html
0000-0001-9730-1616,https://dblp.org/pid/129/2112.html
0000-0001-9756-7748,https://dblp.org/pid/21/4153.html
0000-0001-9758-8071,https://dblp.org/pid/144/5478.html
0000-0001-9795-9071,https://dblp.org/pid/282/6030.html
0000-0001-9797-2495,https://dblp.org/pid/199/3074.html
0000-0001-9798-1762,https://dblp.org/pid/78/80.html
0000-0001-9804-4009,https://dblp.org/pid/10/4953.html
0000-0001-9816-668X,https://dblp.org/pid/14/1131.html
0000-0001-9837-6003,https://dblp.org/pid/37/2895.html
0000-0001-9841-8680,https://dblp.org/pid/98/5095.html
0000-0001-9847-2636,https://dblp.org/pid/36/3235-24.html
0000-0001-9867-692X,https://dblp.org/pid/68/4495.html
0000-0001-9879-7414,https://dblp.org/pid/09/6285.html
0000-0001-9880-5883,https://dblp.org/pid/20/6234-6.html
0000-0001-9887-9858,https://dblp.org/pid/66/3432.html
0000-0001-9898-8106,https://dblp.org/pid/00/6029.html
0000-0001-9904-6081,https://dblp.org/pid/183/5354.html
0000-0001-9912-8757,https://dblp.org/pid/229/1935.html
0000-0001-9930-241X,https://dblp.org/pid/349/8514.html
0000-0001-9951-3188,https://dblp.org/pid/15/1540.html
0000-0001-9973-356X,https://dblp.org/pid/42/963-12.html
0000-0001-9978-7090,https://dblp.org/pid/f/StevenFeiner.html
0000-0001-9980-0670,https://dblp.org/pid/115/9314.html
0000-0002-0000-084X,https://dblp.org/pid/236/6032.html
0000-0002-0001-3894,https://dblp.org/pid/214/1502.html
0000-0002-0002-4825,https://dblp.org/pid/79/823.html
0000-0002-0009-8840,https://dblp.org/pid/145/4913.html
0000-0002-0013-715X,https://dblp.org/pid/136/4311.html
0000-0002-0017-396X,https://dblp.org/pid/52/9958.html
0000-0002-0024-5847,https://dblp.org/pid/k/DavidRKarger.html
0000-0002-0044-503X,https://dblp.org/pid/b/SDJBarbosa.html
0000-0002-0068-0793,https://dblp.org/pid/324/4867.html
0000-0002-0075-983X,https://dblp.org/pid/92/1232.html
0000-0002-0092-0793,https://dblp.org/pid/84/2694-21.html
0000-0002-0093-8176,https://dblp.org/pid/266/4085.html
0000-0002-0100-9846,https://dblp.org/pid/77/1858.html
0000-0002-0101-7440,https://dblp.org/pid/19/5174.html
0000-0002-0110-3365,https://dblp.org/pid/174/7154.html
0000-0002-0117-0322,https://dblp.org/pid/84/9519-1.html
0000-0002-0129-3920,https://dblp.org/pid/212/5733.html
0000-0002-0131-527X,https://dblp.org/pid/09/4570.html
0000-0002-0132-4934,https://dblp.org/pid/116/0652.html
0000-0002-0133-2432,https://dblp.org/pid/308/9315.html
0000-0002-0142-3529,https://dblp.org/pid/226/9711.html
0000-0002-0146-8444,https://dblp.org/pid/286/7715.html
0000-0002-0158-228X,https://dblp.org/pid/95/5363.html
0000-0002-0161-1837,https://dblp.org/pid/67/1194.html
0000-0002-0166-113X,https://dblp.org/pid/207/1959.html
0000-0002-0168-186X,https://dblp.org/pid/82/5418.html
0000-0002-0182-770X,https://dblp.org/pid/173/9992.html
0000-0002-0184-2969,https://dblp.org/pid/98/4281.html
0000-0002-0192-3371,https://dblp.org/pid/62/5158-2.html
0000-0002-0200-721X,https://dblp.org/pid/332/1252.html
0000-0002-0207-9491,https://dblp.org/pid/00/377.html
0000-0002-0213-6425,https://dblp.org/pid/221/0986.html
0000-0002-0253-452X,https://dblp.org/pid/115/5886.html
0000-0002-0256-6740,https://dblp.org/pid/62/6624.html
0000-0002-0265-4249,https://dblp.org/pid/w/RyenWWhite.html
0000-0002-0274-0091,https://dblp.org/pid/84/3264.html
0000-0002-0276-9417,https://dblp.org/pid/63/6371.html
0000-0002-0284-726X,https://dblp.org/pid/19/5752-1.html
0000-0002-0287-2553,https://dblp.org/pid/96/2745.html
0000-0002-0311-2986,https://dblp.org/pid/344/8732.html
0000-0002-0320-7301,https://dblp.org/pid/188/3884.html
0000-0002-0333-5792,https://dblp.org/pid/05/3342.html
0000-0002-0341-2890,https://dblp.org/pid/67/7984.html
0000-0002-0356-4712,https://dblp.org/pid/50/6579.html
0000-0002-0358-1555,https://dblp.org/pid/134/5817.html
0000-0002-0359-206X,https://dblp.org/pid/27/2571.html
0000-0002-0365-8057,https://dblp.org/pid/84/7371.html
0000-0002-0418-3217,https://dblp.org/pid/252/9879.html
0000-0002-0431-8767,https://dblp.org/pid/58/3679.html
0000-0002-0434-2804,https://dblp.org/pid/364/3462.html
0000-0002-0442-691X,https://dblp.org/pid/m/RobMiller.html
0000-0002-0456-4028,https://dblp.org/pid/230/7635.html
0000-0002-0461-3563,https://dblp.org/pid/179/5082.html
0000-0002-0466-2445,https://dblp.org/pid/141/5999.html
0000-0002-0472-6138,https://dblp.org/pid/98/4667.html
0000-0002-0476-3422,https://dblp.org/pid/10/6099.html
0000-0002-0486-1743,https://dblp.org/pid/146/6703.html
0000-0002-0487-6128,https://dblp.org/pid/68/3145.html
0000-0002-0493-413X,https://dblp.org/pid/62/8359.html
0000-0002-0494-5373,https://dblp.org/pid/19/114.html
0000-0002-0508-3509,https://dblp.org/pid/02/2170.html
0000-0002-0515-2957,https://dblp.org/pid/01/1662.html
0000-0002-0515-6675,https://dblp.org/pid/177/8686.html
0000-0002-0524-830X,https://dblp.org/pid/229/1491.html
0000-0002-0541-8022,https://dblp.org/pid/93/3814.html
0000-0002-0543-2414,https://dblp.org/pid/58/6161.html
0000-0002-0546-0466,https://dblp.org/pid/64/5496.html
0000-0002-0556-7538,https://dblp.org/pid/33/173.html
0000-0002-0566-2527,https://dblp.org/pid/97/4242.html
0000-0002-0582-555X,https://dblp.org/pid/95/3916-3.html
0000-0002-0582-7993,https://dblp.org/pid/07/1672.html
0000-0002-0586-054X,https://dblp.org/pid/91/2225.html
0000-0002-0588-7013,https://dblp.org/pid/97/636.html
0000-0002-0602-1406,https://dblp.org/pid/179/4850.html
0000-0002-0602-5108,https://dblp.org/pid/h/ElaineMHuang.html
0000-0002-0621-2704,https://dblp.org/pid/44/11263.html
0000-0002-0627-8658,https://dblp.org/pid/71/11460.html
0000-0002-0630-7260,https://dblp.org/pid/31/4751.html
0000-0002-0634-3931,https://dblp.org/pid/36/1786.html
0000-0002-0635-9124,https://dblp.org/pid/49/5750.html
0000-0002-0640-6883,https://dblp.org/pid/93/5439-6.html
0000-0002-0658-1307,https://dblp.org/pid/152/9357.html
0000-0002-0667-1425,https://dblp.org/pid/205/5895.html
0000-0002-0680-7345,https://dblp.org/pid/66/3246.html
0000-0002-0686-1448,https://dblp.org/pid/131/3440.html
0000-0002-0686-7911,https://dblp.org/pid/128/9372.html
0000-0002-0688-9918,https://dblp.org/pid/187/9009-1.html
0000-0002-0693-0829,https://dblp.org/pid/92/443.html
0000-0002-0705-068X,https://dblp.org/pid/198/2155-2.html
0000-0002-0719-7104,https://dblp.org/pid/46/4069.html
0000-0002-0735-4536,https://dblp.org/pid/282/3342.html
0000-0002-0752-1402,https://dblp.org/pid/75/5247-14.html
0000-0002-0756-0022,https://dblp.org/pid/144/4879.html
0000-0002-0774-223X,https://dblp.org/pid/124/5261-1.html
0000-0002-0775-0811,https://dblp.org/pid/15/63.html
0000-0002-0786-0324,https://dblp.org/pid/25/662.html
0000-0002-0798-4351,https://dblp.org/pid/155/9876.html
0000-0002-0800-2946,https://dblp.org/pid/229/1457.html
0000-0002-0802-5806,https://dblp.org/pid/90/5406.html
0000-0002-0804-728X,https://dblp.org/pid/04/7445.html
0000-0002-0804-832X,https://dblp.org/pid/314/6437.html
0000-0002-0809-9696,https://dblp.org/pid/128/9519.html
0000-0002-0810-4619,https://dblp.org/pid/66/4429-2.html
0000-0002-0815-5985,https://dblp.org/pid/98/7526.html
0000-0002-0820-8186,https://dblp.org/pid/16/7269.html
0000-0002-0837-0853,https://dblp.org/pid/120/5555.html
0000-0002-0859-585X,https://dblp.org/pid/199/2683.html
0000-0002-0869-0304,https://dblp.org/pid/165/2746.html
0000-0002-0871-939X,https://dblp.org/pid/134/8924.html
0000-0002-0873-0150,https://dblp.org/pid/54/778.html
0000-0002-0888-1426,https://dblp.org/pid/56/6765.html
0000-0002-0931-6920,https://dblp.org/pid/144/6120.html
0000-0002-0933-9479,https://dblp.org/pid/68/9541.html
0000-0002-0946-4018,https://dblp.org/pid/194/6779.html
0000-0002-0948-3251,https://dblp.org/pid/h/ScottEHudson.html
0000-0002-0949-2801,https://dblp.org/pid/201/8078.html
0000-0002-0951-7845,https://dblp.org/pid/265/3171.html
0000-0002-0952-8368,https://dblp.org/pid/42/8124-2.html
0000-0002-0954-5627,https://dblp.org/pid/277/8198.html
0000-0002-0961-4397,https://dblp.org/pid/199/3055.html
0000-0002-0974-2559,https://dblp.org/pid/179/4619.html
0000-0002-0976-9065,https://dblp.org/pid/24/2194.html
0000-0002-0982-3404,https://dblp.org/pid/93/5922.html
0000-0002-0989-5440,https://dblp.org/pid/02/1303.html
0000-0002-1003-0399,https://dblp.org/pid/217/9629.html
0000-0002-1006-9891,https://dblp.org/pid/239/7807.html
0000-0002-1012-415X,https://dblp.org/pid/17/5270.html
0000-0002-1015-2759,https://dblp.org/pid/53/1020-1.html
0000-0002-1026-315X,https://dblp.org/pid/01/4601-2.html
0000-0002-1044-3943,https://dblp.org/pid/194/9607.html
0000-0002-1051-406X,https://dblp.org/pid/277/6094.html
0000-0002-1106-2544,https://dblp.org/pid/31/5587-2.html
0000-0002-1119-3237,https://dblp.org/pid/49/6702.html
0000-0002-1136-3822,https://dblp.org/pid/221/9257.html
0000-0002-1144-4016,https://dblp.org/pid/303/8410.html
0000-0002-1145-2526,https://dblp.org/pid/85/11154-8.html
0000-0002-1148-7534,https://dblp.org/pid/159/0484.html
0000-0002-1155-8507,https://dblp.org/pid/98/1016.html
0000-0002-1157-6369,https://dblp.org/pid/97/6493.html
0000-0002-1165-3619,https://dblp.org/pid/165/2694.html
0000-0002-1169-9297,https://dblp.org/pid/306/3647.html
0000-0002-1171-4741,https://dblp.org/pid/61/1146-1.html
0000-0002-1179-1990,https://dblp.org/pid/61/1450.html
0000-0002-1214-1551,https://dblp.org/pid/48/2607.html
0000-0002-1215-6745,https://dblp.org/pid/16/9797.html
0000-0002-1247-6036,https://dblp.org/pid/185/3992.html
0000-0002-1250-3292,https://dblp.org/pid/143/0434.html
0000-0002-1267-282X,https://dblp.org/pid/139/2408.html
0000-0002-1292-3422,https://dblp.org/pid/15/10254.html
0000-0002-1311-298X,https://dblp.org/pid/93/7981.html
0000-0002-1311-4301,https://dblp.org/pid/217/9692.html
0000-0002-1312-8519,https://dblp.org/pid/146/6164.html
0000-0002-1316-4341,https://dblp.org/pid/195/3840.html
0000-0002-1327-7477,https://dblp.org/pid/47/6517.html
0000-0002-1332-8609,https://dblp.org/pid/239/9280.html
0000-0002-1337-6467,https://dblp.org/pid/176/4138.html
0000-0002-1339-2889,https://dblp.org/pid/54/4184.html
0000-0002-1347-8252,https://dblp.org/pid/43/8246.html
0000-0002-1348-8864,https://dblp.org/pid/144/5334.html
0000-0002-1351-6976,https://dblp.org/pid/93/10540.html
0000-0002-1354-9866,https://dblp.org/pid/45/5386.html
0000-0002-1358-4215,https://dblp.org/pid/243/9962.html
0000-0002-1362-554X,https://dblp.org/pid/178/3207.html
0000-0002-1363-7313,https://dblp.org/pid/01/2600.html
0000-0002-1372-6156,https://dblp.org/pid/20/2143.html
0000-0002-1373-1078,https://dblp.org/pid/14/3808.html
0000-0002-1377-1168,https://dblp.org/pid/26/4189-4.html
0000-0002-1382-2914,https://dblp.org/pid/54/6558.html
0000-0002-1387-8168,https://dblp.org/pid/161/3318.html
0000-0002-1392-5737,https://dblp.org/pid/27/8014.html
0000-0002-1410-2601,https://dblp.org/pid/81/7261.html
0000-0002-1410-3911,https://dblp.org/pid/292/6159.html
0000-0002-1412-6347,https://dblp.org/pid/335/3308.html
0000-0002-1413-7329,https://dblp.org/pid/26/6290.html
0000-0002-1420-4309,https://dblp.org/pid/16/9542.html
0000-0002-1434-589X,https://dblp.org/pid/196/3030.html
0000-0002-1437-5175,https://dblp.org/pid/135/6863.html
0000-0002-1446-379X,https://dblp.org/pid/194/1379.html
0000-0002-1446-4792,https://dblp.org/pid/38/1271.html
0000-0002-1447-8625,https://dblp.org/pid/35/7555.html
0000-0002-1454-7854,https://dblp.org/pid/201/4970.html
0000-0002-1456-5163,https://dblp.org/pid/09/1934.html
0000-0002-1475-3017,https://dblp.org/pid/99/2140.html
0000-0002-1482-492X,https://dblp.org/pid/s/KentESeamons.html
0000-0002-1485-4723,https://dblp.org/pid/95/2185
0000-0002-1486-7364,https://dblp.org/pid/t/MichaelTwidale.html
0000-0002-1487-4206,https://dblp.org/pid/63/11455.html
0000-0002-1490-2086,https://dblp.org/pid/128/9299.html
0000-0002-1491-0043,https://dblp.org/pid/06/58.html
0000-0002-1495-7052,https://dblp.org/pid/153/6764.html
0000-0002-1496-3794,https://dblp.org/pid/136/6876.html
0000-0002-1497-5808,https://dblp.org/pid/161/3188.html
0000-0002-1499-3045,https://dblp.org/pid/49/10817.html
0000-0002-1504-7640,https://dblp.org/pid/226/2466.html
0000-0002-1508-2091,https://dblp.org/pid/04/1635.html
0000-0002-1509-2804,https://dblp.org/pid/01/7561.html
0000-0002-1524-1646,https://dblp.org/pid/93/9592.html
0000-0002-1525-0489,https://dblp.org/pid/68/4673.html
0000-0002-1535-0797,https://dblp.org/pid/238/8316.html
0000-0002-1542-2658,https://dblp.org/pid/82/2493.html
0000-0002-1542-8128,https://dblp.org/pid/405/3148.html
0000-0002-1553-0608,https://dblp.org/pid/207/3927.html
0000-0002-1562-9835,https://dblp.org/pid/296/1673.html
0000-0002-1594-8318,https://dblp.org/pid/217/6937.html
0000-0002-1600-452X,https://dblp.de/pid/31/6462.html
0000-0002-1605-3866,https://dblp.org/pid/64/5383.html
0000-0002-1609-5257,https://dblp.org/pid/345/1666.html
0000-0002-1620-1902,https://dblp.org/pid/211/4074.html
0000-0002-1637-458X,https://dblp.org/pid/07/3830.html
0000-0002-1638-2301,https://dblp.org/pid/126/3534.html
0000-0002-1641-3331,https://dblp.org/pid/135/0713.html
0000-0002-1646-6935,https://dblp.org/pid/88/2827-33.html
0000-0002-1652-2888,https://dblp.org/pid/291/9889.html
0000-0002-1680-9483,https://dblp.org/pid/226/4617.html
0000-0002-1681-1532,https://dblp.org/pid/16/111.html
0000-0002-1686-5549,https://dblp.org/pid/48/11300.html
0000-0002-1690-3410,https://dblp.org/pid/211/2935.html
0000-0002-1691-2093,https://dblp.org/pid/264/7497.html
0000-0002-1705-8247,https://dblp.org/pid/i/YEIoannidis.html
0000-0002-1712-0741,https://dblp.org/pid/199/2738.html
0000-0002-1727-0600,https://dblp.org/pid/170/4752.html
0000-0002-1732-4154,https://dblp.org/pid/167/9273.html
0000-0002-1735-9680,https://dblp.org/pid/199/2783.html
0000-0002-1737-1276,https://dblp.org/pid/73/7444.html
0000-0002-1769-0138,https://dblp.org/pid/179/4652.html
0000-0002-1773-9202,https://dblp.org/pid/259/9971.html
0000-0002-1816-1393,https://dblp.org/pid/45/9598.html
0000-0002-1816-5714,https://dblp.org/pid/00/6056.html
0000-0002-1824-0243,https://dblp.org/pid/147/0782.html
0000-0002-1830-4294,https://dblp.org/pid/131/5362.html
0000-0002-1842-8342,https://dblp.org/pid/61/884.html
0000-0002-1845-0240,https://dblp.org/pid/251/5830.html
0000-0002-1849-7962,https://dblp.org/pid/228/5526.html
0000-0002-1854-5899,https://dblp.org/pid/95/48.html
0000-0002-1860-6110,https://dblp.org/pid/51/4520.html
0000-0002-1866-0619,https://dblp.org/pid/91/6667.html
0000-0002-1876-5082,https://dblp.org/pid/71/6525.html
0000-0002-1877-1845,https://dblp.org/pid/264/8082.html
0000-0002-1879-7340,https://dblp.org/pid/205/7353.html
0000-0002-1888-1569,https://dblp.org/pid/32/1994.html
0000-0002-1890-4281,https://dblp.org/pid/w/GerhardWeber2.html
0000-0002-1892-3933,https://dblp.org/pid/57/4591.html
0000-0002-1897-6293,https://dblp.org/pid/79/1292.html
0000-0002-1897-9048,https://dblp.org/pid/g/KrzysztofZGajos.html
0000-0002-1904-6637,https://dblp.org/pid/119/3541.html
0000-0002-1920-1625,https://dblp.org/pid/138/0959.html
0000-0002-1939-9352,https://dblp.org/pid/192/2807.html
0000-0002-1952-8302,https://dblp.org/pid/289/7143.html
0000-0002-1957-4130,https://dblp.org/pid/g/RebeccaEGrinter.html
0000-0002-1960-1012,https://dblp.org/pid/144/5377.html
0000-0002-1975-5716,https://dblp.org/pid/51/2008.html
0000-0002-1980-1292,https://dblp.org/pid/33/9599.html
0000-0002-1983-1512,https://dblp.org/pid/167/7973.html
0000-0002-1999-0521,https://dblp.org/pid/39/9540.html
0000-0002-2001-7251,https://dblp.org/pid/30/6506-1.html
0000-0002-2013-2188,https://dblp.org/pid/46/3111.html
0000-0002-2013-7253,https://dblp.org/pid/p/ThomasPietrzak.html
0000-0002-2018-0569,https://dblp.org/pid/296/1490.html
0000-0002-2018-1190,https://dblp.org/pid/199/2666.html
0000-0002-2022-9588,https://dblp.org/pid/141/9047.html
0000-0002-2027-168X,https://dblp.org/pid/00/1883.html
0000-0002-2047-1358,https://dblp.org/pid/119/0695.html
0000-0002-2059-3558,https://dblp.org/pid/73/5679.html
0000-0002-2072-0625,https://dblp.org/pid/83/6818.html
0000-0002-2073-0567,https://dblp.org/pid/144/2147.html
0000-0002-2088-1963,https://dblp.org/pid/187/9071.html
0000-0002-2091-3435,https://dblp.org/pid/345/2242.html
0000-0002-2106-4527,https://dblp.org/pid/266/4133.html
0000-0002-2114-4367,https://dblp.org/pid/10/2833.html
0000-0002-2122-8077,https://dblp.org/pid/10/1090.html
0000-0002-2132-0092,https://dblp.org/pid/68/3197.html
0000-0002-2136-1214,https://dblp.org/pid/151/0024.html
0000-0002-2143-0638,https://dblp.org/pid/332/3187.html
0000-0002-2162-0407,https://dblp.org/pid/303/8542.html
0000-0002-2172-8100,https://dblp.org/pid/141/4060.html
0000-0002-2176-876X,https://dblp.org/pid/45/4302.html
0000-0002-2188-287X,https://dblp.org/pid/188/5956.html
0000-0002-2190-0919,https://dblp.org/pid/271/9812.html
0000-0002-2192-1728,https://dblp.org/pid/53/863-1.html
0000-0002-2195-0449,https://dblp.org/pid/65/9778.html
0000-0002-2198-9896,https://dblp.org/pid/300/2613.html
0000-0002-2219-4198,https://dblp.org/pid/01/844.html
0000-0002-2223-2801,https://dblp.org/pid/217/9409.html
0000-0002-2245-3700,https://dblp.org/pid/278/9066.html
0000-0002-2264-3408,https://dblp.org/pid/243/2480.html
0000-0002-2289-7512,https://dblp.org/pid/50/6403.html
0000-0002-2300-5432,https://dblp.org/pid/f/DanFitton.html
0000-0002-2302-4895,https://dblp.org/pid/52/7380.html
0000-0002-2311-4241,https://dblp.org/pid/a/PMAoki.html
0000-0002-2313-0612,https://dblp.org/pid/139/7660.html
0000-0002-2328-5016,https://dblp.org/pid/79/11222.html
0000-0002-2332-0352,https://dblp.org/pid/11/6841.html
0000-0002-2342-1540,https://dblp.org/pid/224/9336.html
0000-0002-2353-3462,https://dblp.org/pid/239/7802.html
0000-0002-2361-350X,https://dblp.org/pid/125/2715.html
0000-0002-2362-7717,https://dblp.org/pid/64/10821.html
0000-0002-2367-162X,https://dblp.org/pid/a/EAndre.html
0000-0002-2377-9550,https://dblp.org/pid/278/1277.html
0000-0002-2380-1199,https://dblp.org/pid/305/9498.html
0000-0002-2391-5583,https://dblp.org/pid/29/7444.html
0000-0002-2406-1196,https://dblp.org/pid/239/7691.html
0000-0002-2411-6417,https://dblp.org/pid/35/6746.html
0000-0002-2425-8984,https://dblp.org/pid/159/0517.html
0000-0002-2436-666X,https://dblp.org/pid/319/3391.html
0000-0002-2448-8747,https://dblp.org/pid/69/1148.html
0000-0002-2482-6945,https://dblp.org/pid/32/11001.html
0000-0002-2488-6032,https://dblp.org/pid/199/2901.html
0000-0002-2490-2063,https://dblp.org/pid/99/3995.html
0000-0002-2494-1556,https://dblp.org/pid/20/11454-1.html
0000-0002-2495-1463,https://dblp.org/pid/o/JoniceOliveira.html
0000-0002-2498-0643,https://dblp.org/pid/n/NJNunes.html
0000-0002-2498-1806,https://dblp.org/pid/42/2688.html
0000-0002-2498-7837,https://dblp.org/pid/93/99.html
0000-0002-2502-5947,https://dblp.org/pid/66/2373-3.html
0000-0002-2514-5981,https://dblp.org/pid/55/4931.html
0000-0002-2531-4634,https://dblp.org/pid/179/5067.html
0000-0002-2538-929X,https://dblp.org/pid/316/5123.html
0000-0002-2541-888X,https://dblp.org/pid/218/0770.html
0000-0002-2542-3195,https://dblp.org/pid/319/3708.html
0000-0002-2554-1896,https://dblp.org/pid/128/9684.html
0000-0002-2563-4320,https://dblp.org/pid/h/EveEHoggan.html
0000-0002-2596-395X,https://dblp.org/pid/36/6885.html
0000-0002-2605-3309,https://dblp.org/pid/309/6574.html
0000-0002-2606-1958,https://dblp.org/pid/229/1498.html
0000-0002-2621-7617,https://dblp.org/pid/122/5942.html
0000-0002-2623-9031,https://dblp.org/pid/72/86.html
0000-0002-2629-9544,https://dblp.org/pid/35/507.html
0000-0002-2636-7498,https://dblp.org/pid/136/5697.html
0000-0002-2639-2175,https://dblp.org/pid/94/5447.html
0000-0002-2642-3322,https://dblp.org/pid/239/7696.html
0000-0002-2656-5654,https://dblp.org/pid/33/9924.html
0000-0002-2657-6345,https://dblp.org/pid/401/3967.html
0000-0002-2659-6231,https://dblp.org/pid/g/EliseGarrot.html
0000-0002-2670-5047,https://dblp.org/pid/173/9929.html
0000-0002-2670-8328,https://dblp.org/pid/169/6198-1.html
0000-0002-2676-9032,https://dblp.org/pid/144/6655-2.html
0000-0002-2676-9788,https://dblp.org/pid/88/2192.html
0000-0002-2681-2774,https://dblp.org/pid/60/2492.html
0000-0002-2682-7538,https://dblp.org/pid/r/BorisERdeRuyter.html
0000-0002-2683-8042,https://dblp.org/pid/130/8112.html
0000-0002-2688-7258,https://dblp.org/pid/99/1184.html
0000-0002-2696-6546,https://dblp.org/pid/70/1899.html
0000-0002-2708-9530,https://dblp.org/pid/53/6806.html
0000-0002-2723-2157,https://dblp.org/pid/126/1874.html
0000-0002-2724-1379,https://dblp.org/pid/88/5808-1.html
0000-0002-2738-6017,https://dblp.org/pid/82/1185-1.html
0000-0002-2749-4835,https://dblp.org/pid/18/9117.html
0000-0002-2751-9801,https://dblp.org/pid/l/SaraLjungblad.html
0000-0002-2761-4163,https://dblp.org/pid/183/1335.html
0000-0002-2765-7702,https://dblp.org/pid/61/7573-1.html
0000-0002-2782-9500,https://dblp.org/pid/93/688.html
0000-0002-2783-5257,https://dblp.org/pid/59/9716.html
0000-0002-2786-0209,https://dblp.org/pid/38/129.html
0000-0002-2790-3264,https://dblp.org/pid/96/10579-1.html
0000-0002-2801-723X,https://dblp.org/pid/09/6741.html
0000-0002-2803-9834,https://dblp.org/pid/268/8093.html
0000-0002-2824-9292,https://dblp.org/pid/14/2952.html
0000-0002-2825-3443,https://dblp.org/pid/243/3579.html
0000-0002-2826-162X,https://dblp.org/pid/23/6192.html
0000-0002-2833-8041,https://dblp.org/pid/49/2488-9.html
0000-0002-2834-7757,https://dblp.org/pid/01/5804.html
0000-0002-2846-5366,https://dblp.org/pid/410/0211.html
0000-0002-2846-7687,https://dblp.org/pid/207/5298.html
0000-0002-2852-168X,https://dblp.org/pid/74/4701.html
0000-0002-2859-7297,https://dblp.org/pid/144/5411.html
0000-0002-2871-8650,https://dblp.org/pid/36/4520.html
0000-0002-2877-6965,https://dblp.org/pid/199/2626.html
0000-0002-2878-8544,https://dblp.org/pid/32/1059.html
0000-0002-2892-0509,https://dblp.org/pid/218/5337.html
0000-0002-2905-9810,https://dblp.org/pid/00/2489.html
0000-0002-2905-9853,https://dblp.org/pid/241/7134.html
0000-0002-2915-018X,https://dblp.org/pid/n/CarmanNeustaedter.html
0000-0002-2915-974X,https://dblp.org/pid/68/3554-1.html
0000-0002-2933-304X,https://dblp.org/pid/230/5026.html
0000-0002-2938-7785,https://dblp.org/pid/48/4323.html
0000-0002-2941-339X,https://dblp.org/pid/03/5594.html
0000-0002-2942-972X,https://dblp.org/pid/59/4765.html
0000-0002-2948-6417,https://dblp.org/pid/n/PetraNeumann.html
0000-0002-2961-3500,https://dblp.org/pid/302/1336.html
0000-0002-2967-4370,https://dblp.org/pid/49/8092.html
0000-0002-2976-6662,https://dblp.org/pid/67/5265.html
0000-0002-2984-5774,https://dblp.org/pid/319/4023.html
0000-0002-2992-3429,https://dblp.org/pid/99/2500.html
0000-0002-2998-3165,https://dblp.org/pid/54/10846.html
0000-0002-3004-0770,https://dblp.org/pid/04/4652.html
0000-0002-3009-3899,https://dblp.org/pid/126/9849.html
0000-0002-3009-8040,https://dblp.org/pid/40/3850.html
0000-0002-3023-8939,https://dblp.org/pid/86/3124.html
0000-0002-3024-2209,https://dblp.org/pid/133/1163.html
0000-0002-3028-4222,https://dblp.org/pid/54/2259.html
0000-0002-3031-9579,https://dblp.org/pid/21/397.html
0000-0002-3040-2890,https://dblp.org/pid/324/8904.html
0000-0002-3047-7059,https://dblp.org/pid/67/1320.html
0000-0002-3050-9284,https://dblp.org/pid/34/3214.html
0000-0002-3062-731X,https://dblp.org/pid/s/DanaeStantonFraser.html
0000-0002-3065-0579,https://dblp.org/pid/43/6357.html
0000-0002-3099-8081,https://dblp.org/pid/154/0381.html
0000-0002-3100-9230,https://dblp.org/pid/16/5535.html
0000-0002-3105-9350,https://dblp.org/pid/90/9545.html
0000-0002-3112-6015,https://dblp.org/pid/249/8739.html
0000-0002-3115-4024,https://dblp.org/pid/46/5399.html
0000-0002-3119-611X,https://dblp.org/pid/04/4068.html
0000-0002-3121-3354,https://dblp.org/pid/54/960.html
0000-0002-3123-6361,https://dblp.org/pid/186/0327.html
0000-0002-3124-2286,https://dblp.org/pid/31/10558.html
0000-0002-3127-1917,https://dblp.org/pid/14/11302.html
0000-0002-3136-307X,https://dblp.org/pid/81/1205.html
0000-0002-3138-7557,https://dblp.org/pid/48/5324.html
0000-0002-3142-9649,https://dblp.org/pid/239/9461.html
0000-0002-3144-9957,https://dblp.org/pid/144/0219.html
0000-0002-3154-249X,https://dblp.org/pid/23/7177.html
0000-0002-3161-2232,https://dblp.org/pid/189/6845-2.html
0000-0002-3165-7131,https://dblp.org/pid/247/3368.html
0000-0002-3167-4716,https://dblp.org/pid/177/7617.html
0000-0002-3170-6845,https://dblp.org/pid/02/9675.html
0000-0002-3178-267X,https://dblp.org/pid/215/8739.html
0000-0002-3186-7788,https://dblp.org/pid/190/5235.html
0000-0002-3193-2180,https://dblp.org/pid/199/2768.html
0000-0002-3198-7122,https://dblp.org/pid/b/AnnBlandford.html
0000-0002-3201-4613,https://dblp.org/pid/28/7578.html
0000-0002-3205-2273,https://dblp.org/pid/06/10946.html
0000-0002-3210-1696,https://dblp.org/pid/344/8393.html
0000-0002-3235-882X,https://dblp.org/pid/49/2107.html
0000-0002-3238-2109,https://dblp.org/pid/136/8449.html
0000-0002-3243-3869,https://dblp.org/pid/36/691.html
0000-0002-3247-779X,https://dblp.org/pid/b/BenBederson.html
0000-0002-3256-8640,https://dblp.org/pid/128/9460.html
0000-0002-3257-2527,https://dblp.org/pid/68/9952.html
0000-0002-3258-0228,https://dblp.org/pid/115/9343-2.html
0000-0002-3265-3570,https://dblp.org/pid/71/3844.html
0000-0002-3266-2178,https://dblp.org/pid/239/7683.html
0000-0002-3272-9176,https://dblp.org/pid/199/3002.html
0000-0002-3281-7029,https://dblp.org/pid/46/4685.html
0000-0002-3292-2531,https://dblp.org/pid/95/3412.html
0000-0002-3294-3869,https://dblp.org/pid/m/TMunzner.html
0000-0002-3294-7288,https://dblp.org/pid/51/681.html
0000-0002-3300-2913,https://dblp.org/pid/12/2920.html
0000-0002-3306-505X,https://dblp.org/pid/77/2270.html
0000-0002-3322-3548,https://dblp.org/pid/120/1670.html
0000-0002-3331-5979,https://dblp.org/pid/207/2090.html
0000-0002-3333-5013,https://dblp.org/pid/195/3799.html
0000-0002-3334-7727,https://dblp.org/pid/291/9747.html
0000-0002-3344-9694,https://dblp.org/pid/65/1792.html
0000-0002-3359-0938,https://dblp.org/pid/50/6953.html
0000-0002-3369-3558,https://dblp.org/pid/16/9546.html
0000-0002-3370-1626,https://dblp.org/pid/269/2227.html
0000-0002-3374-2073,https://dblp.org/pid/151/0198.html
0000-0002-3376-7879,https://dblp.org/pid/282/2867.html
0000-0002-3379-7680,https://dblp.org/pid/73/5426.html
0000-0002-3403-2970,https://dblp.org/pid/292/6394.html
0000-0002-3403-8117,https://dblp.org/pid/229/5702.html
0000-0002-3408-587X,https://dblp.org/pid/a/GDAbowd.html
0000-0002-3418-1933,https://dblp.org/pid/236/5262.html
0000-0002-3418-8385,https://dblp.org/pid/h/MariaHakansson.html
0000-0002-3448-5961,https://dblp.org/pid/176/5601.html
0000-0002-3450-0447,https://dblp.org/pid/161/3607.html
0000-0002-3453-5666,https://dblp.org/pid/68/4706-2.html
0000-0002-3457-4227,https://dblp.org/pid/56/3408.html
0000-0002-3461-4161,https://dblp.org/pid/69/10387.html
0000-0002-3471-2343,https://dblp.org/pid/42/7313.html
0000-0002-3475-0251,https://dblp.org/pid/43/7116.html
0000-0002-3481-7962,https://dblp.org/pid/b/KelloggSBooth.html
0000-0002-3482-1654,https://dblp.org/pid/07/9544.html
0000-0002-3498-0065,https://dblp.org/pid/137/8063.html
0000-0002-3515-6633,https://dblp.org/pid/w/MaxLWilson.html
0000-0002-3518-6170,https://dblp.org/pid/33/3239.html
0000-0002-3541-0048,https://dblp.org/pid/285/5672.html
0000-0002-3541-2019,https://dblp.org/pid/04/3460.html
0000-0002-3548-2535,https://dblp.org/pid/15/3199-4.html
0000-0002-3548-723X,https://dblp.org/pid/121/4975.html
0000-0002-3551-0209,https://dblp.org/pid/132/1534.html
0000-0002-3554-4513,https://dblp.org/pid/76/2778.html
0000-0002-3555-6637,https://dblp.org/pid/320/9333.html
0000-0002-3565-6021,https://dblp.org/pid/26/3295.html
0000-0002-3565-7091,https://dblp.org/pid/151/0015.html
0000-0002-3571-1617,https://dblp.org/pid/20/1847.html
0000-0002-3578-1121,https://dblp.org/pid/c/TCatarci.html
0000-0002-3626-8485,https://dblp.org/pid/239/9806.html
0000-0002-3628-862X,https://dblp.org/pid/217/4617.html
0000-0002-3629-2514,https://dblp.org/pid/79/6053.html
0000-0002-3656-7936,https://dblp.org/pid/129/2075.html
0000-0002-3672-1294,https://dblp.org/pid/266/4170.html
0000-0002-3694-763X,https://dblp.org/pid/165/7061.html
0000-0002-3698-9733,https://dblp.org/pid/144/5761.html
0000-0002-3727-3665,https://dblp.org/pid/43/6253-2.html
0000-0002-3740-1057,https://dblp.org/pid/184/0002.html
0000-0002-3746-8171,https://dblp.org/pid/225/3595.html
0000-0002-3759-3423,https://dblp.org/pid/28/4514.html
0000-0002-3759-5218,https://dblp.org/pid/182/3627.html
0000-0002-3760-1390,https://dblp.org/pid/128/9508.html
0000-0002-3766-317X,https://dblp.org/pid/307/5321.html
0000-0002-3778-4617,https://dblp.org/pid/54/182.html
0000-0002-3779-4938,https://dblp.org/pid/33/11506.html
0000-0002-3780-2184,https://dblp.org/pid/01/5881.html
0000-0002-3780-5350,https://dblp.org/pid/138/0107.html
0000-0002-3790-2126,https://dblp.org/pid/189/7196.html
0000-0002-3792-2485,https://dblp.org/pid/94/1554.html
0000-0002-3795-3441,https://dblp.org/pid/267/6466.html
0000-0002-3804-2287,https://dblp.org/pid/318/9389.html
0000-0002-3809-6306,https://dblp.org/pid/81/4465.html
0000-0002-3816-441X,https://dblp.org/pid/285/5649.html
0000-0002-3824-2801,https://dblp.org/pid/339/2223.html
0000-0002-3829-9664,https://dblp.org/pid/128/9210.html
0000-0002-3836-2168,https://dblp.org/pid/20/4340.html
0000-0002-3858-2961,https://dblp.org/pid/22/1550.html
0000-0002-3868-0967,https://dblp.org/pid/42/11300.html
0000-0002-3870-6864,https://dblp.org/pid/169/6028.html
0000-0002-3878-5208,https://dblp.org/pid/84/2746.html
0000-0002-3882-3243,https://dblp.org/pid/70/4119.html
0000-0002-3888-7693,https://dblp.org/pid/180/5814.html
0000-0002-3900-4944,https://dblp.org/pid/63/6425.html
0000-0002-3908-4366,https://dblp.org/pid/141/4106.html
0000-0002-3912-2166,https://dblp.org/pid/11/7620.html
0000-0002-3941-0336,https://dblp.org/pid/149/2520.html
0000-0002-3942-130X,https://dblp.org/pid/06/10810.html
0000-0002-3968-7298,https://dblp.org/pid/195/6368.html
0000-0002-3972-9689,https://dblp.org/pid/84/1331.html
0000-0002-3978-1444,https://dblp.org/pid/120/6333.html
0000-0002-3988-4830,https://dblp.org/pid/182/6595.html
0000-0002-3989-4588,https://dblp.org/pid/42/3962.html
0000-0002-3995-4843,https://dblp.org/pid/m/CharlotteMagnusson.html
0000-0002-4005-4877,https://dblp.org/pid/56/7042.html
0000-0002-4009-1627,https://dblp.org/pid/63/3913.html
0000-0002-4025-6639,https://dblp.org/pid/181/2852-45.html
0000-0002-4035-0748,https://dblp.org/pid/161/3786.html
0000-0002-4043-2006,https://dblp.org/pid/230/9974.html
0000-0002-4050-0443,https://dblp.org/pid/35/6569.html
0000-0002-4059-8700,https://dblp.org/pid/233/8402.html
0000-0002-4084-4086,https://dblp.org/pid/186/0315.html
0000-0002-4098-8071,https://dblp.org/pid/29/4175.html
0000-0002-4131-9865,https://dblp.org/pid/26/521.html
0000-0002-4142-7268,https://dblp.org/pid/172/4507.html
0000-0002-4144-0622,https://dblp.org/pid/50/6044.html
0000-0002-4150-0322,https://dblp.org/pid/m/MaryLouMaher.html
0000-0002-4153-803X,https://dblp.org/pid/94/1667.html
0000-0002-4178-1291,https://dblp.org/pid/55/3732.html
0000-0002-4179-9686,https://dblp.org/pid/97/10043.html
0000-0002-4191-3565,https://dblp.org/pid/37/5474.html
0000-0002-4194-1101,https://dblp.org/pid/l/KrisLuyten.html
0000-0002-4199-8976,https://dblp.org/pid/14/1160.html
0000-0002-4213-2226,https://dblp.org/pid/94/6884.html
0000-0002-4217-627X,https://dblp.org/pid/52/5103.html
0000-0002-4222-8105,https://dblp.org/pid/117/4807.html
0000-0002-4230-3777,https://dblp.org/pid/199/3144.html
0000-0002-4231-4142,https://dblp.org/pid/21/304.html
0000-0002-4233-4952,https://dblp.org/pid/m/GMarchionini.html
0000-0002-4249-8893,https://dblp.org/pid/52/4107-1.html
0000-0002-4255-3725,https://dblp.org/pid/40/8279.html
0000-0002-4275-3946,https://dblp.org/pid/243/1757.html
0000-0002-4284-2180,https://dblp.org/pid/b/NicolaJBidwell.html
0000-0002-4289-5012,https://dblp.org/pid/155/8848.html
0000-0002-4310-1894,https://dblp.org/pid/133/8162.html
0000-0002-4310-4817,https://dblp.org/pid/80/7985.html
0000-0002-4314-9505,https://dblp.org/pid/243/6457.html
0000-0002-4324-3745,https://dblp.org/pid/134/9047.html
0000-0002-4326-2110,https://dblp.org/pid/74/5481.html
0000-0002-4332-4377,https://dblp.org/pid/21/7693.html
0000-0002-4346-1603,https://dblp.org/pid/h/MartiAHearst.html
0000-0002-4347-5028,https://dblp.org/pid/81/877.html
0000-0002-4376-0849,https://dblp.org/pid/11/3801.html
0000-0002-4383-2451,https://dblp.org/pid/206/5956.html
0000-0002-4395-7510,https://dblp.org/pid/36/9528.html
0000-0002-4398-5060,https://dblp.org/pid/176/0784.html
0000-0002-4409-9255,https://dblp.org/pid/06/2992.html
0000-0002-4417-7268,https://dblp.org/pid/78/6324.html
0000-0002-4421-7549,https://dblp.org/pid/161/3182.html
0000-0002-4426-1320,https://dblp.org/pid/23/5830.html
0000-0002-4429-3402,https://dblp.org/pid/62/8732.html
0000-0002-4434-2235,https://dblp.org/pid/305/9214.html
0000-0002-4437-8326,https://dblp.org/pid/94/1548.html
0000-0002-4447-7818,https://dblp.org/pid/151/0002.html
0000-0002-4461-0551,https://dblp.org/pid/217/9240.html
0000-0002-4512-4897,https://dblp.org/pid/128/9305.html
0000-0002-4520-7000,https://dblp.org/pid/75/9076-1.html
0000-0002-4521-2766,https://dblp.org/pid/218/0289.html
0000-0002-4558-6610,https://dblp.org/pid/222/4835.html
0000-0002-4563-0001,https://dblp.org/pid/145/4812.html
0000-0002-4570-703X,https://dblp.org/pid/74/1880.html
0000-0002-4577-7994,https://dblp.org/pid/17/4090.html
0000-0002-4578-4545,https://dblp.org/pid/144/5447.html
0000-0002-4579-5754,https://dblp.org/pid/32/193.html
0000-0002-4590-106X,https://dblp.org/pid/66/6680.html
0000-0002-4592-3701,https://dblp.org/pid/304/2449.html
0000-0002-4593-1103,https://dblp.org/pid/d/MarkDDunlop.html
0000-0002-4595-4807,https://dblp.org/pid/83/3715.html
0000-0002-4595-7485,https://dblp.org/pid/241/6287.html
0000-0002-4606-3598,https://dblp.org/pid/250/3183.html
0000-0002-4607-289X,https://dblp.org/pid/239/5389.html
0000-0002-4607-2988,https://dblp.org/pid/184/5488.html
0000-0002-4609-6293,https://dblp.org/pid/216/0024.html
0000-0002-4611-3030,https://dblp.org/pid/185/2957.html
0000-0002-4611-9790,https://dblp.org/pid/76/1820-98.html
0000-0002-4616-5017,https://dblp.org/pid/68/5558.html
0000-0002-4627-9743,https://dblp.org/pid/h/JuanPabloHourcade.html
0000-0002-4634-0532,https://dblp.org/pid/85/2006.html
0000-0002-4658-0034,https://dblp.org/pid/52/2830-2.html
0000-0002-4662-7680,https://dblp.org/pid/201/4915.html
0000-0002-4666-1926,https://dblp.org/pid/24/11412.html
0000-0002-4684-348X,https://dblp.org/pid/284/9100.html
0000-0002-4690-0800,https://dblp.org/pid/154/1913.html
0000-0002-4690-2769,https://dblp.org/pid/126/0549.html
0000-0002-4719-4389,https://dblp.org/pid/97/3170.html
0000-0002-4733-4927,https://dblp.org/pid/40/5624.html
0000-0002-4746-2144,https://dblp.org/pid/128/9609.html
0000-0002-4769-0219,https://dblp.org/pid/54/1970.html
0000-0002-4769-9221,https://dblp.org/pid/348/4075.html
0000-0002-4794-395X,https://dblp.org/pid/319/4241.html
0000-0002-4815-5461,https://dblp.org/pid/89/9543.html
0000-0002-4826-4561,https://dblp.org/pid/98/1611.html
0000-0002-4838-3413,https://dblp.org/pid/72/3881.html
0000-0002-4854-626X,https://dblp.org/pid/n/LaurenceNigay.html
0000-0002-4877-0739,https://dblp.org/pid/122/6337.html
0000-0002-4881-1350,https://dblp.org/pid/225/8216.html
0000-0002-4887-946X,https://dblp.org/pid/120/1722-4.html
0000-0002-4892-6801,https://dblp.org/pid/41/5659.html
0000-0002-4898-1755,https://dblp.org/pid/39/7716.html
0000-0002-4900-4163,https://dblp.org/pid/374/8995.html
0000-0002-4911-0409,https://dblp.org/pid/195/6094.html
0000-0002-4913-9412,https://dblp.org/pid/55/5936.html
0000-0002-4922-2275,https://dblp.org/pid/05/5239.html
0000-0002-4928-525X,https://dblp.org/pid/09/3220-5.html
0000-0002-4933-1156,https://dblp.org/pid/228/6103.html
0000-0002-4934-2760,https://dblp.org/pid/237/5859.html
0000-0002-4937-0024,https://dblp.org/pid/328/9044.html
0000-0002-4944-8477,https://dblp.org/pid/185/5665.html
0000-0002-4951-4008,https://dblp.org/pid/v/FernandaBViegas.html
0000-0002-4955-3779,https://dblp.org/pid/82/3967.html
0000-0002-4958-2465,https://dblp.org/pid/264/7744.html
0000-0002-4958-8832,https://dblp.org/pid/04/5998.html
0000-0002-4959-6373,https://dblp.org/pid/81/5605.html
0000-0002-4959-807X,https://dblp.org/pid/144/5607.html
0000-0002-4971-2004,https://dblp.org/pid/51/7304.html
0000-0002-4971-9126,https://dblp.org/pid/m/JorgMuller.html
0000-0002-4981-7105,https://dblp.org/pid/212/2737.html
0000-0002-4986-7794,https://dblp.org/pid/60/863.html
0000-0002-5005-6868,https://dblp.org/pid/b/PatrickBaudisch.html
0000-0002-5011-1847,https://dblp.org/pid/61/4278.html
0000-0002-5022-9343,https://dblp.org/pid/50/863.html
0000-0002-5027-8831,https://dblp.org/pid/212/5853.html
0000-0002-5029-8541,https://dblp.org/pid/239/7940.html
0000-0002-5036-6735,https://dblp.org/pid/45/6515.html
0000-0002-5037-5017,https://dblp.org/pid/99/4292.html
0000-0002-5057-477X,https://dblp.org/pid/130/2758-2.html
0000-0002-5060-7340,https://dblp.org/pid/44/6625.html
0000-0002-5068-3474,https://dblp.org/pid/82/2289.html
0000-0002-5072-8775,https://dblp.org/pid/153/5678.html
0000-0002-5073-0605,https://dblp.org/pid/96/11294.html
0000-0002-5079-5927,https://dblp.org/pid/82/6384-22.html
0000-0002-5097-7309,https://dblp.org/pid/38/2430.html
0000-0002-5098-5667,https://dblp.org/pid/85/9514.html
0000-0002-5103-0379,https://dblp.org/pid/96/5266.html
0000-0002-5127-9780,https://dblp.org/pid/c/MSheelaghTCarpendale
0000-0002-5143-1770,https://dblp.org/pid/05/1222.html
0000-0002-5145-6476,https://dblp.org/pid/42/4104.html
0000-0002-5150-9806,https://dblp.org/pid/65/5106.html
0000-0002-5152-3077,https://dblp.org/pid/230/7575.html
0000-0002-5156-6245,https://dblp.org/pid/329/1637.html
0000-0002-5162-0256,https://dblp.org/pid/65/4889.html
0000-0002-5170-1945,https://dblp.org/pid/215/8138.html
0000-0002-5178-9115,https://dblp.org/pid/239/9512.html
0000-0002-5179-7078,https://dblp.org/pid/68/3821.html
0000-0002-5182-6617,https://dblp.org/pid/79/4704.html
0000-0002-5201-5875,https://dblp.org/pid/03/7444.html
0000-0002-5207-2423,https://dblp.org/pid/41/6764.html
0000-0002-5208-2402,https://dblp.org/pid/162/9873.html
0000-0002-5209-7380,https://dblp.org/pid/e/WKeithEdwards.html
0000-0002-5227-1246,https://dblp.org/pid/36/3313.html
0000-0002-5242-7693,https://dblp.org/pid/d/AlanJDix.html
0000-0002-5261-0148,https://dblp.org/pid/r/HeatherRichter.html
0000-0002-5265-5194,https://dblp.org/pid/54/4897.html
0000-0002-5266-8366,https://dblp.org/pid/s/SriramSubramanian.html
0000-0002-5274-6889,https://dblp.org/pid/q/AaronJQuigley.html
0000-0002-5275-6585,https://dblp.org/pid/205/4275.html
0000-0002-5281-2428,https://dblp.org/pid/188/3269.html
0000-0002-5289-5761,https://dblp.org/pid/77/1318.html
0000-0002-5292-4083,https://dblp.org/pid/362/7992.html
0000-0002-5294-0198,https://dblp.org/pid/125/2149.html
0000-0002-5296-5440,https://dblp.org/pid/239/4579.html
0000-0002-5308-0150,https://dblp.org/pid/14/2137.html
0000-0002-5308-475X,https://dblp.org/pid/62/2666.html
0000-0002-5309-056X,https://dblp.org/pid/25/2551-3.html
0000-0002-5310-6728,https://dblp.org/pid/239/8036.html
0000-0002-5316-9956,https://dblp.org/pid/163/8698.html
0000-0002-5326-7054,https://dblp.org/pid/82/4704.html
0000-0002-5351-4035,https://dblp.org/pid/24/9306.html
0000-0002-5351-4828,https://dblp.org/pid/40/6051.html
0000-0002-5355-4416,https://dblp.org/pid/319/4041.html
0000-0002-5357-2366,https://dblp.org/pid/m/BlairMacIntyre.html
0000-0002-5364-3718,https://dblp.org/pid/74/3247-4.html
0000-0002-5365-4695,https://dblp.org/pid/248/7224.html
0000-0002-5366-3196,https://dblp.org/pid/97/7592.html
0000-0002-5375-9542,https://dblp.org/pid/199/2723.html
0000-0002-5381-971X,https://dblp.org/pid/95/1112.html
0000-0002-5394-9047,https://dblp.org/pid/01/10874.html
0000-0002-5403-9387,https://dblp.org/pid/211/2969.html
0000-0002-5442-6934,https://dblp.org/pid/180/7928.html
0000-0002-5468-9347,https://dblp.org/pid/17/322-1.html
0000-0002-5473-2448,https://dblp.org/pid/38/166.html
0000-0002-5484-6066,https://dblp.org/pid/144/5386.html
0000-0002-5495-6441,https://dblp.org/pid/03/6674.html
0000-0002-5506-9473,https://dblp.org/pid/246/3239.html
0000-0002-5507-0773,https://dblp.org/pid/68/5345.html
0000-0002-5510-6799,https://dblp.org/pid/g/FrancoisGuimbretiere.html
0000-0002-5512-1243,https://dblp.org/pid/19/9597.html
0000-0002-5517-3035,https://dblp.org/pid/71/944.html
0000-0002-5541-4425,https://dblp.org/pid/38/3334.html
0000-0002-5566-2269,https://dblp.org/pid/31/9459.html
0000-0002-5575-4382,https://dblp.org/pid/321/6515.html
0000-0002-5583-389X,https://dblp.org/pid/35/10108.html
0000-0002-5585-7971,https://dblp.org/pid/60/5884.html
0000-0002-5598-5324,https://dblp.org/pid/180/5537.html
0000-0002-5600-8824,https://dblp.org/pid/80/1961-4.html
0000-0002-5619-4452,https://dblp.org/pid/96/2987.html
0000-0002-5633-9703,https://dblp.org/pid/32/4701.html
0000-0002-5644-3316,https://dblp.org/pid/38/9378.html
0000-0002-5647-0533,https://dblp.org/pid/35/10896.html
0000-0002-5650-2830,https://dblp.org/pid/03/6786.html
0000-0002-5654-2453,https://dblp.org/pid/263/8728.html
0000-0002-5655-6839,https://dblp.org/pid/33/8253.html
0000-0002-5664-621X,https://dblp.org/pid/93/2981.html
0000-0002-5667-5598,https://dblp.org/pid/122/4793.html
0000-0002-5669-9290,https://dblp.org/pid/08/4657.html
0000-0002-5671-1640,https://dblp.org/pid/156/6598.html
0000-0002-5678-0099,https://dblp.org/pid/225/3637.html
0000-0002-5686-0566,https://dblp.org/pid/89/7921-1.html
0000-0002-5692-9252,https://dblp.org/pid/184/6591.html
0000-0002-5695-6760,https://dblp.org/pid/144/5421.html
0000-0002-5700-3136,https://dblp.org/pid/221/1517.html
0000-0002-5702-6290,https://dblp.org/pid/05/593.html
0000-0002-5707-409X,https://dblp.org/pid/10/4990-1.html
0000-0002-5713-8612,https://dblp.org/pid/94/4828.html
0000-0002-5723-687X,https://dblp.org/pid/71/2302.html
0000-0002-5745-7103,https://dblp.org/pid/63/6133.html
0000-0002-5759-4976,https://dblp.org/pid/218/0180.html
0000-0002-5778-5262,https://dblp.org/pid/s/PhoebeSengers.html
0000-0002-5779-8864,https://dblp.org/pid/25/3880.html
0000-0002-5788-5888,https://dblp.org/pid/132/8227.html
0000-0002-5797-7790,https://dblp.org/pid/234/1108.html
0000-0002-5807-0285,https://dblp.org/pid/00/8855.html
0000-0002-5815-8236,https://dblp.org/pid/119/4591.html
0000-0002-5818-2228,https://dblp.org/pid/254/6606.html
0000-0002-5823-1499,https://dblp.org/pid/61/7832.html
0000-0002-5848-1690,https://dblp.org/pid/260/1271.html
0000-0002-5854-8314,https://dblp.org/pid/147/9078.html
0000-0002-5859-8354,https://dblp.org/pid/82/11313.html
0000-0002-5870-1120,https://dblp.org/pid/83/8359.html
0000-0002-5885-8697,https://dblp.org/pid/n/MichaelNitsche.html
0000-0002-5889-1083,https://dblp.org/pid/30/2061.html
0000-0002-5903-0736,https://dblp.org/pid/207/2177.html
0000-0002-5905-9838,https://dblp.org/pid/132/9580.html
0000-0002-5931-3218,https://dblp.org/pid/139/2405.html
0000-0002-5941-4641,https://dblp.org/pid/161/5469.html
0000-0002-5952-4955,https://dblp.org/pid/86/45.html
0000-0002-5955-5313,https://dblp.org/pid/95/9117.html
0000-0002-5956-1027,https://dblp.org/pid/229/1470.html
0000-0002-5958-3576,https://dblp.org/pid/134/3108.html
0000-0002-5961-4686,https://dblp.org/pid/57/8574.html
0000-0002-5969-9210,https://dblp.org/pid/319/3616.html
0000-0002-5973-5787,https://dblp.org/pid/06/11428.html
0000-0002-5983-7388,https://dblp.org/pid/j/RobertJKJacob.html
0000-0002-5998-8039,https://dblp.org/pid/296/4783.html
0000-0002-6004-9266,https://dblp.org/pid/184/2102.html
0000-0002-6016-7051,https://dblp.org/pid/45/6140.html
0000-0002-6019-1529,https://dblp.org/pid/21/3602.html
0000-0002-6023-1631,https://dblp.org/pid/192/4988.html
0000-0002-6031-9801,https://dblp.org/pid/239/8018.html
0000-0002-6034-2761,https://dblp.org/pid/228/7833.html
0000-0002-6041-178X,https://dblp.org/pid/18/4101.html
0000-0002-6061-9855,https://orcid.org/0000-0002-6061-9855
0000-0002-6088-3955,https://dblp.org/pid/40/1610.html
0000-0002-6090-2837,https://dblp.org/pid/182/7081.html
0000-0002-6095-6114,https://dblp.org/pid/43/581.html
0000-0002-6096-0447,https://dblp.org/pid/02/4044.html
0000-0002-6112-1709,https://dblp.org/pid/195/5036.html
0000-0002-6119-705X,https://dblp.org/pid/75/11301.html
0000-0002-6134-6975,https://dblp.org/pid/64/10054.html
0000-0002-6142-0346,https://dblp.org/pid/234/8393.html
0000-0002-6152-6968,https://dblp.org/pid/20/644-1.html
0000-0002-6159-9657,https://dblp.org/pid/193/5425.html
0000-0002-6174-2089,https://dblp.org/pid/45/10896.html
0000-0002-6175-1655,https://dblp.org/pid/27/4508.html
0000-0002-6175-9200,https://dblp.org/pid/146/7298.html
0000-0002-6176-7171,https://dblp.org/pid/61/5149.html
0000-0002-6182-8923,https://dblp.org/pid/239/9651.html
0000-0002-6189-6539,https://dblp.org/pid/130/0365.html
0000-0002-6192-2004,https://dblp.org/pid/99/5520.html
0000-0002-6201-9175,https://dblp.org/pid/c/KayConnelly.html
0000-0002-6203-2505,https://dblp.org/pid/376/5532.html
0000-0002-6214-1461,https://dblp.org/pid/77/7521.html
0000-0002-6223-1029,https://dblp.org/pid/k/PamelaKarr.html
0000-0002-6240-0291,https://dblp.org/pid/h/TobiasHollerer.html
0000-0002-6240-8445,https://dblp.org/pid/264/7134.html
0000-0002-6249-8700,https://dblp.org/pid/116/5055.html
0000-0002-6267-4874,https://dblp.org/pid/36/111-1.html
0000-0002-6269-3848,https://dblp.org/pid/170/1164.html
0000-0002-6293-0356,https://dblp.org/pid/161/3729.html
0000-0002-6300-4389,https://dblp.org/pid/p/ShwetakNPatel.html
0000-0002-6311-3390,https://dblp.org/pid/147/2218.html
0000-0002-6330-3637,https://dblp.org/pid/02/693.html
0000-0002-6335-5904,https://dblp.org/pid/124/7504.html
0000-0002-6370-7316,https://dblp.org/pid/48/10724.html
0000-0002-6371-8074,https://dblp.org/pid/322/8706.html
0000-0002-6375-7604,https://dblp.org/pid/62/547.html
0000-0002-6395-7833,https://dblp.org/pid/187/9765.html
0000-0002-6398-839X,https://dblp.org/pid/79/7193.html
0000-0002-6410-2028,https://dblp.org/pid/80/3830.html
0000-0002-6412-1413,https://dblp.org/pid/217/9561.html
0000-0002-6435-6407,https://dblp.org/pid/70/3814.html
0000-0002-6436-3877,https://dblp.org/pid/42/241.html
0000-0002-6440-9193,https://dblp.org/pid/176/4204.html
0000-0002-6453-1260,https://dblp.org/pid/126/1819.html
0000-0002-6454-4061,https://dblp.org/pid/351/4944.html
0000-0002-6466-3845,https://dblp.org/pid/134/2961.html
0000-0002-6469-1969,https://dblp.org/pid/161/3239.html
0000-0002-6470-1151,https://dblp.org/pid/84/812.html
0000-0002-6472-5030,https://dblp.org/pid/00/1720.html
0000-0002-6474-8080,https://dblp.org/pid/71/5005-2.html
0000-0002-6484-6430,https://dblp.org/pid/69/1477.html
0000-0002-6494-3396,https://dblp.org/pid/207/2002.html
0000-0002-6500-9976,https://dblp.org/pid/70/57.html
0000-0002-6519-3742,https://dblp.org/pid/264/7897.html
0000-0002-6538-8275,https://dblp.org/pid/09/6069.html
0000-0002-6543-557X,https://dblp.org/pid/251/3402.html
0000-0002-6551-1616,https://dblp.org/pid/a/JulioAbascal.html
0000-0002-6571-0623,https://dblp.org/pid/165/9611.html
0000-0002-6571-1925,https://dblp.org/pid/201/4903.html
0000-0002-6586-6951,https://dblp.org/pid/115/6089.html
0000-0002-6598-419X,https://dblp.org/pid/78/3204-1.html
0000-0002-6600-267X,https://dblp.org/pid/230/4842.html
0000-0002-6600-8414,https://dblp.org/pid/35/1147.html
0000-0002-6633-4826,https://dblp.org/pid/41/2472.html
0000-0002-6638-2422,https://dblp.org/pid/24/7703.html
0000-0002-6638-6677,https://dblp.org/pid/65/1018.html
0000-0002-6648-236X,https://dblp.org/pid/14/9600.html
0000-0002-6650-6886,https://dblp.org/pid/00/782.html
0000-0002-6654-1788,https://dblp.org/pid/82/5606.html
0000-0002-6658-2213,https://dblp.org/pid/300/8222.html
0000-0002-6667-0440,https://dblp.org/pid/84/3561.html
0000-0002-6694-3381,https://dblp.org/pid/03/2531.html
0000-0002-6701-4066,https://dblp.org/pid/99/8732.html
0000-0002-6728-7101,https://dblp.org/pid/176/4150.html
0000-0002-6732-6748,https://dblp.org/pid/94/3302.html
0000-0002-6733-3040,https://dblp.org/pid/55/11368.html
0000-0002-6749-3773,https://dblp.org/pid/34/7522.html
0000-0002-6750-7987,https://dblp.org/pid/121/0305.html
0000-0002-6757-9753,https://dblp.org/pid/179/4761.html
0000-0002-6793-3062,https://dblp.org/pid/64/4954.html
0000-0002-6801-8608,https://dblp.org/pid/90/8253.html
0000-0002-6806-9253,https://dblp.org/pid/t/MelanieTory.html
0000-0002-6819-4898,https://dblp.org/pid/277/6207.html
0000-0002-6834-872X,https://dblp.org/pid/10/6797.html
0000-0002-6838-3701,https://dblp.org/pid/56/3778-1.html
0000-0002-6839-796X,https://dblp.org/pid/319/4602.html
0000-0002-6840-1172,https://dblp.org/pid/h/MarkSHancock.html
0000-0002-6840-5341,https://dblp.org/pid/173/2178.html
0000-0002-6840-7718,https://dblp.org/pid/170/4783.html
0000-0002-6842-0226,https://dblp.org/pid/r/MattiasRost.html
0000-0002-6864-6065,https://dblp.org/pid/25/3405.html
0000-0002-6873-8146,https://dblp.org/pid/198/5724.html
0000-0002-6877-3937,https://dblp.org/pid/117/0714.html
0000-0002-6880-5636,https://dblp.org/pid/80/3282.html
0000-0002-6880-8546,https://dblp.org/pid/59/3064.html
0000-0002-6894-605X,https://dblp.org/pid/38/502-5.html
0000-0002-6914-1800,https://dblp.org/pid/198/9030.html
0000-0002-6914-610X,https://dblp.org/pid/19/7983.html
0000-0002-6929-0056,https://dblp.org/pid/07/5400.html
0000-0002-6930-5318,https://dblp.org/pid/179/4572.html
0000-0002-6948-4213,https://dblp.org/pid/04/7985.html
0000-0002-6962-6920,https://dblp.org/pid/131/8411.html
0000-0002-6988-5471,https://dblp.org/pid/88/10181-2.html
0000-0002-7014-5585,https://dblp.org/pid/19/5925.html
0000-0002-7017-4474,https://dblp.org/pid/44/1001.html
0000-0002-7020-6800,https://dblp.org/pid/296/1717.html
0000-0002-7041-7472,https://dblp.org/pid/184/0205.html
0000-0002-7056-6347,https://dblp.org/pid/302/5227.html
0000-0002-7061-875X,https://dblp.org/pid/128/9518.html
0000-0002-7080-0615,https://dblp.org/pid/57/3599.html
0000-0002-7081-0709,https://dblp.org/pid/m/KarynMoffatt.html
0000-0002-7084-6904,https://dblp.org/pid/151/0355.html
0000-0002-7106-164X,https://dblp.org/pid/41/9059.html
0000-0002-7107-7035,https://dblp.org/pid/e/JamesREagan.html
0000-0002-7110-5024,https://dblp.org/pid/64/4311.html
0000-0002-7125-6674,https://dblp.org/pid/20/11368.html
0000-0002-7127-5437,https://dblp.org/pid/45/2932-4.html
0000-0002-7128-4974,https://dblp.org/pid/51/3637.html
0000-0002-7138-1643,https://dblp.org/pid/r/JanetCRead.html
0000-0002-7139-871X,https://dblp.org/pid/k/PerOlaKristensson.html
0000-0002-7142-2548,https://dblp.org/pid/13/4715.html
0000-0002-7159-7524,https://dblp.org/pid/h/JamesDHerbsleb.html
0000-0002-7161-075X,https://dblp.org/pid/46/4227.html
0000-0002-7161-7927,https://dblp.org/pid/c/JohnFCanny.html
0000-0002-7167-1106,https://dblp.org/pid/128/9340.html
0000-0002-7173-6643,https://dblp.org/pid/177/4489.html
0000-0002-7175-9503,https://dblp.org/pid/01/2452.html
0000-0002-7176-2884,https://dblp.org/pid/35/3202.html
0000-0002-7207-1276,https://dblp.org/pid/177/9050.html
0000-0002-7233-980X,https://dblp.org/pid/36/2050.html
0000-0002-7243-9317,https://dblp.org/pid/80/3489.html
0000-0002-7252-5987,https://dblp.org/pid/217/9643.html
0000-0002-7255-7890,https://dblp.org/pid/285/4118.html
0000-0002-7262-0247,https://dblp.org/pid/239/9672.html
0000-0002-7296-2714,https://dblp.org/pid/128/4295.html
0000-0002-7302-7365,https://dblp.org/pid/24/1366.html
0000-0002-7307-1550,https://dblp.org/pid/144/5450.html
0000-0002-7324-1767,https://dblp.org/pid/159/7172.html
0000-0002-7324-9363,https://dblp.org/pid/129/2196.html
0000-0002-7332-3287,https://dblp.org/pid/132/3034-1.html
0000-0002-7336-1427,https://dblp.org/pid/173/0953.html
0000-0002-7336-8653,https://dblp.org/pid/160/2541.html
0000-0002-7344-8741,https://dblp.org/pid/05/535.html
0000-0002-7353-5183,https://dblp.org/pid/51/9408.html
0000-0002-7361-2011,https://dblp.org/pid/242/2081.html
0000-0002-7374-7629,https://dblp.org/pid/41/5418.html
0000-0002-7377-6091,https://dblp.org/pid/57/517.html
0000-0002-7389-5189,https://dblp.org/pid/118/4087.html
0000-0002-7412-4669,https://dblp.org/pid/57/1240-1.html
0000-0002-7414-1936,https://dblp.org/pid/90/7217.html
0000-0002-7414-9858,https://dblp.org/pid/40/1622.html
0000-0002-7416-2243,https://dblp.org/pid/235/6960.html
0000-0002-7420-2890,https://dblp.org/pid/56/2712.html
0000-0002-7423-4323,https://dblp.org/pid/14/2878-2.html
0000-0002-7425-4818,https://dblp.org/pid/68/0.html
0000-0002-7434-0775,https://dblp.org/pid/129/1994.html
0000-0002-7440-9357,https://dblp.org/pid/238/5199.html
0000-0002-7442-2607,https://dblp.org/pid/14/10926.html
0000-0002-7473-1418,https://dblp.org/pid/198/3797.html
0000-0002-7494-6275,https://dblp.org/pid/00/6150.html
0000-0002-7500-7974,https://dblp.org/pid/19/4893.html
0000-0002-7506-3343,https://dblp.org/pid/00/6216.html
0000-0002-7537-4774,https://dblp.org/pid/123/7238.html
0000-0002-7540-075X,https://dblp.org/pid/32/1523.html
0000-0002-7544-9246,https://dblp.org/pid/81/5596.html
0000-0002-7570-9474,https://dblp.org/pid/234/4683.html
0000-0002-7573-7256,https://dblp.org/pid/180/7966.html
0000-0002-7585-0099,https://dblp.org/pid/45/11460.html
0000-0002-7609-2234,https://dblp.org/pid/75/666.html
0000-0002-7629-934X,https://dblp.org/pid/135/0227.html
0000-0002-7631-6445,https://dblp.org/pid/13/2640.html
0000-0002-7636-9598,https://dblp.org/pid/172/2889.html
0000-0002-7640-0532,https://dblp.org/pid/65/7161.html
0000-0002-7647-5139,https://dblp.org/pid/320/6233.html
0000-0002-7654-6697,https://dblp.org/pid/17/7560.html
0000-0002-7662-9687,https://dblp.org/pid/12/5901.html
0000-0002-7673-0822,https://dblp.org/pid/239/9282.html
0000-0002-7685-4067,https://dblp.org/pid/19/3482.html
0000-0002-7705-2031,https://dblp.org/pid/203/0360.html
0000-0002-7712-8622,https://dblp.org/pid/53/9543.html
0000-0002-7716-9280,https://dblp.org/pid/79/3435.html
0000-0002-7732-6258,https://dblp.org/pid/133/6053.html
0000-0002-7734-822X,https://dblp.org/pid/44/945.html
0000-0002-7745-2086,https://dblp.org/pid/96/4423.html
0000-0002-7753-4591,https://dblp.org/pid/229/0012.html
0000-0002-7761-6351,https://dblp.org/pid/199/2729.html
0000-0002-7777-3349,https://dblp.org/pid/289/5732.html
0000-0002-7782-3887,https://dblp.org/pid/89/1953.html
0000-0002-7785-5061,https://dblp.org/pid/62/3493.html
0000-0002-7793-398X,https://dblp.org/pid/46/5766.html
0000-0002-7798-2853,https://dblp.org/pid/188/9501.html
0000-0002-7798-308X,https://dblp.org/pid/13/8237.html
0000-0002-7808-1686,https://dblp.org/pid/19/170.html
0000-0002-7812-9096,https://dblp.org/pid/15/7986.html
0000-0002-7814-2450,https://dblp.org/pid/82/5076.html
0000-0002-7831-2632,https://dblp.org/pid/157/5198.html
0000-0002-7832-6313,https://dblp.org/pid/124/0272.html
0000-0002-7838-8311,https://dblp.org/pid/43/9597.html
0000-0002-7846-3481,https://dblp.org/pid/28/8356.html
0000-0002-7850-5688,https://dblp.org/pid/21/3748.html
0000-0002-7851-7339,https://dblp.org/pid/133/1161.html
0000-0002-7862-2817,https://dblp.org/pid/41/2832-1.html
0000-0002-7868-273X,https://dblp.org/pid/50/9917-2.html
0000-0002-7884-3038,https://dblp.org/pid/50/7562.html
0000-0002-7885-5610,https://dblp.org/pid/345/0204.html
0000-0002-7888-2598,https://dblp.org/pid/147/0730.html
0000-0002-7893-6090,https://dblp.org/pid/120/4204.html
0000-0002-7893-6891,https://dblp.org/pid/207/5443.html
0000-0002-7904-1504,https://dblp.org/pid/141/4090.html
0000-0002-7909-7639,https://dblp.org/pid/218/0274.html
0000-0002-7921-3820,https://dblp.org/pid/129/1467.html
0000-0002-7934-5559,https://dblp.org/pid/176/4124.html
0000-0002-7941-6636,https://dblp.org/pid/09/2409.html
0000-0002-7942-0766,https://dblp.org/pid/79/6129.html
0000-0002-7955-0202,https://dblp.org/pid/85/1374.html
0000-0002-7955-2232,https://dblp.org/pid/74/5577.html
0000-0002-7957-452X,https://dblp.org/pid/13/5940.html
0000-0002-7965-0107,https://dblp.org/pid/241/8067.html
0000-0002-7978-3356,https://dblp.org/pid/08/2.html
0000-0002-7990-9035,https://dblp.org/pid/138/6563.html
0000-0002-8013-5989,https://dblp.org/pid/188/0399.html
0000-0002-8016-6208,https://dblp.org/pid/49/8926.html
0000-0002-8016-7534,https://dblp.org/pid/00/10066.html
0000-0002-8037-6301,https://dblp.org/pid/86/2176-4.html
0000-0002-8046-0538,https://dblp.org/pid/99/1299.html
0000-0002-8051-3230,https://dblp.org/pid/00/5956.html
0000-0002-8055-8367,https://dblp.org/pid/k/AntonioKruger.html
0000-0002-8057-3997,https://dblp.org/pid/12/5927-14.html
0000-0002-8057-7103,https://dblp.org/pid/156/8649.html
0000-0002-8069-1168,https://dblp.org/pid/51/6492.html
0000-0002-8070-4918,https://dblp.org/pid/161/0050.html
0000-0002-8071-6716,https://dblp.org/pid/62/9599.html
0000-0002-8096-658X,https://dblp.org/pid/04/9846.html
0000-0002-8105-0944,https://dblp.org/pid/177/4353.html
0000-0002-8119-151X,https://dblp.org/pid/07/6712.html
0000-0002-8127-0592,https://dblp.org/pid/118/3547.html
0000-0002-8131-7629,https://dblp.org/pid/153/5953.html
0000-0002-8136-6228,https://dblp.org/pid/92/5308.html
0000-0002-8143-5393,https://dblp.org/pid/218/4429.html
0000-0002-8156-8495,https://dblp.org/pid/179/4618.html
0000-0002-8163-2303,https://dblp.org/pid/264/7288.html
0000-0002-8164-0303,https://dblp.org/pid/93/2914.html
0000-0002-8169-1653,https://dblp.org/pid/24/2058-33.html
0000-0002-8176-7638,https://dblp.org/pid/10/2849.html
0000-0002-8190-9042,https://dblp.org/pid/282/2797.html
0000-0002-8194-2336,https://dblp.org/pid/00/6451-7.html
0000-0002-8197-5197,https://dblp.org/pid/179/4978.html
0000-0002-8197-9905,https://dblp.org/pid/117/8150.html
0000-0002-8204-1708,https://dblp.org/pid/04/10300.html
0000-0002-8204-4327,https://dblp.org/pid/86/2011.html
0000-0002-8206-1469,https://dblp.org/pid/b/AJBBrush.html
0000-0002-8209-6792,https://dblp.org/pid/32/3440.html
0000-0002-8214-0765,https://dblp.org/pid/57/702.html
0000-0002-8231-0795,https://dblp.org/pid/239/9312-1.html
0000-0002-8246-8736,https://dblp.org/pid/228/6133.html
0000-0002-8248-5392,https://dblp.org/pid/62/9224.html
0000-0002-8252-8073,https://dblp.org/pid/b/JamesBegole.html
0000-0002-8291-0459,https://dblp.org/pid/283/4002.html
0000-0002-8316-4785,https://dblp.org/pid/120/4232.html
0000-0002-8317-9346,https://dblp.org/pid/39/4718.html
0000-0002-8333-5687,https://dblp.org/pid/61/7370.html
0000-0002-8364-0593,https://dblp.org/pid/22/479-1.html
0000-0002-8369-3847,https://dblp.org/pid/14/3882.html
0000-0002-8372-1684,https://dblp.org/pid/247/6950.html
0000-0002-8375-1816,https://dblp.org/pid/32/9958.html
0000-0002-8384-4764,https://dblp.org/pid/77/2371.html
0000-0002-8401-2580,https://dblp.org/pid/153/7619.html
0000-0002-8411-3293,https://dblp.org/pid/94/1290.html
0000-0002-8415-2508,https://dblp.org/pid/234/4576.html
0000-0002-8416-4023,https://dblp.org/pid/36/882.html
0000-0002-8417-191X,https://dblp.org/pid/170/8461.html
0000-0002-8434-9335,https://dblp.org/pid/34/5056.html
0000-0002-8435-5161,https://dblp.org/pid/17/1516.html
0000-0002-8441-8580,https://dblp.org/pid/98/3085.html
0000-0002-8444-5722,https://dblp.org/pid/183/0468.html
0000-0002-8447-3889,https://dblp.org/pid/242/3136.html
0000-0002-8449-6124,https://dblp.org/pid/02/9524.html
0000-0002-8451-5444,https://dblp.org/pid/300/9457.html
0000-0002-8461-555X,https://dblp.org/pid/33/6505.html
0000-0002-8470-056X,https://dblp.org/pid/179/4692.html
0000-0002-8474-5290,https://dblp.org/pid/120/4206.html
0000-0002-8477-7276,https://dblp.org/pid/239/8147.html
0000-0002-8492-2525,https://dblp.org/pid/218/0917.html
0000-0002-8493-7161,https://dblp.org/pid/174/0437.html
0000-0002-8502-2676,https://dblp.org/pid/40/6588.html
0000-0002-8525-4047,https://dblp.org/pid/67/2643.html
0000-0002-8527-1744,https://dblp.org/pid/72/10926.html
0000-0002-8543-3774,https://dblp.org/pid/124/5660.html
0000-0002-8543-462X,https://dblp.org/pid/201/3378.html
0000-0002-8572-546X,https://dblp.org/pid/129/1982.html
0000-0002-8590-656X,https://dblp.org/pid/159/7822.html
0000-0002-8595-8132,https://dblp.org/pid/49/7687.html
0000-0002-8601-1370,https://dblp.org/pid/78/4137-2.html
0000-0002-8610-661X,https://dblp.org/pid/95/5767.html
0000-0002-8621-3343,https://dblp.org/pid/90/6138.html
0000-0002-8630-9919,https://dblp.org/pid/222/8822.html
0000-0002-8637-7647,https://dblp.org/pid/l/JoannaLumsden.html
0000-0002-8640-0544,https://dblp.org/pid/217/9311.html
0000-0002-8640-9936,https://dblp.org/pid/277/7910.html
0000-0002-8642-7245,https://dblp.org/pid/10/3023.html
0000-0002-8644-5646,https://dblp.org/pid/179/5409.html
0000-0002-8652-0730,https://dblp.org/pid/90/1139.html
0000-0002-8653-7057,https://dblp.org/pid/40/6268.html
0000-0002-8655-5327,https://dblp.org/pid/144/5690.html
0000-0002-8657-9986,https://dblp.org/pid/85/5149-5.html
0000-0002-8659-2283,https://dblp.org/pid/65/1182.html
0000-0002-8664-3191,https://dblp.org/pid/144/5667.html
0000-0002-8673-1941,https://dblp.org/pid/179/4611.html
0000-0002-8675-6356,https://dblp.org/pid/356/8279.html
0000-0002-8688-1595,https://dblp.org/pid/126/1867.html
0000-0002-8700-7795,https://dblp.org/pid/147/4150.html
0000-0002-8704-6698,https://dblp.org/pid/99/2111.html
0000-0002-8715-2642,https://dblp.org/pid/181/1431.html
0000-0002-8733-2272,https://dblp.org/pid/128/9467.html
0000-0002-8743-4201,https://dblp.org/pid/37/9799.html
0000-0002-8753-2792,https://dblp.org/pid/179/4701.html
0000-0002-8766-3557,https://dblp.org/pid/03/8928.html
0000-0002-8773-6656,https://dblp.org/pid/71/10210-1.html
0000-0002-8774-1789,https://dblp.org/pid/217/9649.html
0000-0002-8780-6087,https://dblp.org/pid/48/809.html
0000-0002-8787-5410,https://dblp.org/pid/58/8326.html
0000-0002-8794-8464,https://dblp.org/pid/248/8683.html
0000-0002-8801-9763,https://dblp.org/pid/135/6872.html
0000-0002-8823-4607,https://dblp.org/pid/64/5708.html
0000-0002-8831-8130,https://dblp.org/pid/06/9771.html
0000-0002-8834-7388,https://dblp.org/pid/60/6209.html
0000-0002-8842-2317,https://dblp.org/pid/98/7448.html
0000-0002-8843-4035,https://dblp.org/pid/70/5219.html
0000-0002-8844-8576,https://dblp.org/pid/141/3840.html
0000-0002-8872-2934,https://dblp.org/pid/206/8458.html
0000-0002-8874-6629,https://dblp.org/pid/166/4673.html
0000-0002-8888-4079,https://dblp.org/pid/251/5772.html
0000-0002-8892-8780,https://dblp.org/pid/89/2749.html
0000-0002-8893-5729,https://dblp.org/pid/147/0794.html
0000-0002-8895-4997,https://dblp.org/pid/210/8234.html
0000-0002-8900-8740,https://dblp.org/pid/270/1159.html
0000-0002-8901-7233,https://dblp.org/pid/261/9327.html
0000-0002-8912-7627,https://dblp.org/pid/221/1650.html
0000-0002-8915-481X,https://dblp.org/pid/144/5556.html
0000-0002-8916-8787,https://dblp.org/pid/45/1648.html
0000-0002-8923-0085,https://dblp.org/pid/239/9530.html
0000-0002-8937-955X,https://dblp.org/pid/56/1030.html
0000-0002-8939-264X,https://dblp.org/pid/76/3034.html
0000-0002-8971-6245,https://dblp.org/pid/77/1627.html
0000-0002-8975-5885,https://dblp.org/pid/344/2931.html
0000-0002-8993-7080,https://dblp.org/pid/67/11427.html
0000-0002-8996-7327,https://dblp.org/pid/64/2431.html
0000-0002-9007-9888,https://dblp.org/pid/b/AndreasButz.html
0000-0002-9009-0024,https://dblp.org/pid/40/8912.html
0000-0002-9009-5706,https://dblp.org/pid/11/11302.html
0000-0002-9010-1491,https://dblp.org/pid/33/5349.html
0000-0002-9018-4880,https://dblp.org/pid/86/3539.html
0000-0002-9019-5889,https://dblp.org/pid/89/5155.html
0000-0002-9028-8161,https://dblp.org/pid/18/10672.html
0000-0002-9032-7714,https://dblp.org/pid/147/0813.html
0000-0002-9033-7904,https://dblp.org/pid/87/1254-78.html
0000-0002-9043-8035,https://dblp.org/pid/44/3103.html
0000-0002-9050-715X,https://dblp.org/pid/07/1429-14.html
0000-0002-9053-6057,https://dblp.org/pid/c/EdwardCutrell.html
0000-0002-9061-7957,https://dblp.org/pid/s/MonicaMCSchraefel.html
0000-0002-9073-8054,https://dblp.org/pid/83/8570.html
0000-0002-9076-2046,https://dblp.org/pid/63/5175.html
0000-0002-9076-9571,https://dblp.org/pid/21/6679.html
0000-0002-9077-0142,https://dblp.org/pid/78/5225.html
0000-0002-9088-705X,https://dblp.org/pid/218/0356.html
0000-0002-9100-0035,https://dblp.org/pid/163/7751.html
0000-0002-9100-3826,https://dblp.org/pid/97/1342.html
0000-0002-9109-4625,https://dblp.org/pid/21/1048-60.html
0000-0002-9116-3766,https://dblp.org/pid/218/7810.html
0000-0002-9122-5242,https://dblp.org/pid/132/4086.html
0000-0002-9128-2255,https://dblp.org/pid/24/1434.html
0000-0002-9139-6172,https://dblp.org/pid/41/2122.html
0000-0002-9143-2460,https://dblp.org/pid/147/0767.html
0000-0002-9144-7435,https://dblp.org/pid/72/9541.html
0000-0002-9148-085X,https://dblp.org/pid/09/6739.html
0000-0002-9150-0996,https://dblp.org/pid/129/2175.html
0000-0002-9150-1331,https://dblp.org/pid/59/954.html
0000-0002-9155-4521,https://dblp.org/pid/13/6056
0000-0002-9172-0323,https://dblp.org/pid/03/3855.html
0000-0002-9174-8895,https://dblp.org/pid/45/2726.html
0000-0002-9185-7928,https://dblp.org/pid/j/GiulioJacucci.html
0000-0002-9187-2706,https://dblp.org/pid/132/0702.html
0000-0002-9200-1048,https://dblp.org/pid/w/LonceLWyse.html
0000-0002-9200-6914,https://dblp.org/pid/51/3408.html
0000-0002-9201-7744,https://dblp.org/pid/34/9377.html
0000-0002-9203-0631,https://dblp.org/pid/97/936.html
0000-0002-9203-4528,https://dblp.org/pid/203/8267.html
0000-0002-9219-7327,https://dblp.org/pid/252/9982.html
0000-0002-9228-7365,https://dblp.org/pid/10/6055.html
0000-0002-9237-1057,https://dblp.org/pid/225/3501.html
0000-0002-9247-4208,https://dblp.org/pid/43/3597.html
0000-0002-9249-7688,https://dblp.org/pid/345/1966.html
0000-0002-9273-4970,https://dblp.org/pid/181/1436.html
0000-0002-9281-4620,https://dblp.org/pid/118/7979.html
0000-0002-9282-559X,https://dblp.org/pid/190/7066.html
0000-0002-9284-7924,https://dblp.org/pid/305/7426.html
0000-0002-9305-4774,https://dblp.org/pid/49/10484.html
0000-0002-9307-912X,https://dblp.org/pid/86/7981.html
0000-0002-9317-1786,https://dblp.org/pid/07/6812.html
0000-0002-9330-5529,https://dblp.org/pid/59/6878.html
0000-0002-9330-7129,https://dblp.org/pid/73/5247.html
0000-0002-9335-5462,https://dblp.org/pid/264/7924.html
0000-0002-9342-5520,https://dblp.org/pid/47/8855.html
0000-0002-9356-0976,https://dblp.org/pid/75/4875.html
0000-0002-9359-2302,https://dblp.org/pid/179/5033.html
0000-0002-9368-3220,https://dblp.org/pid/31/4016.html
0000-0002-9374-2040,https://dblp.org/pid/59/4757.html
0000-0002-9380-8759,https://dblp.org/pid/28/6452.html
0000-0002-9390-488X,https://dblp.org/pid/240/3220.html
0000-0002-9391-6274,https://dblp.org/pid/73/1969.html
0000-0002-9393-3410,https://dblp.org/pid/223/2016.html
0000-0002-9395-1715,https://dblp.org/pid/b/RussellBeale.html
0000-0002-9403-2913,https://dblp.org/pid/33/3184.html
0000-0002-9412-4244,https://dblp.org/pid/292/8733.html
0000-0002-9425-0881,https://dblp.org/pid/121/4984.html
0000-0002-9430-2661,https://dblp.org/pid/126/1998.html
0000-0002-9436-7940,https://dblp.org/pid/164/0075.html
0000-0002-9441-3337,https://dblp.org/pid/199/2711.html
0000-0002-9443-4795,https://dblp.org/pid/71/1897.html
0000-0002-9449-6953,https://dblp.org/pid/163/7308.html
0000-0002-9456-1495,https://dblp.org/pid/13/1545.html
0000-0002-9460-2568,https://dblp.org/pid/90/5818.html
0000-0002-9478-9705,https://dblp.org/pid/119/4606.html
0000-0002-9482-8639,https://dblp.org/pid/23/5418.html
0000-0002-9485-276X,https://dblp.org/pid/121/5542.html
0000-0002-9547-0915,https://dblp.org/pid/161/3772.html
0000-0002-9558-3039,https://dblp.org/pid/57/11303.html
0000-0002-9562-5147,https://dblp.org/pid/f/MortenFjeld.html
0000-0002-9563-0691,https://dblp.org/pid/128/9254.html
0000-0002-9564-3337,https://dblp.org/pid/31/3605.html
0000-0002-9566-7195,https://dblp.org/pid/179/4656.html
0000-0002-9589-9471,https://dblp.org/pid/14/8735.html
0000-0002-9609-0965,https://dblp.org/pid/58/4938.html
0000-0002-9613-5190,https://dblp.org/pid/09/5042.html
0000-0002-9614-6535,https://dblp.org/pid/234/4542.html
0000-0002-9617-2952,https://dblp.org/pid/63/2020.html
0000-0002-9617-7008,https://dblp.org/pid/80/6809.html
0000-0002-9621-6214,https://dblp.org/pid/m/FlorianMueller-3.html
0000-0002-9622-2438,https://dblp.org/pid/88/9117.html
0000-0002-9624-4258,https://dblp.org/pid/277/8319.html
0000-0002-9639-5531,https://dblp.org/pid/70/7502.html
0000-0002-9645-3279,https://dblp.org/pid/51/4592.html
0000-0002-9649-2753,https://dblp.org/pid/g/GeneGolovchinsky.html
0000-0002-9650-4945,https://dblp.org/pid/144/5864.html
0000-0002-9679-5359,https://dblp.org/pid/97/1275.html
0000-0002-9694-2689,https://dblp.org/pid/87/4209.html
0000-0002-9694-6946,https://dblp.org/pid/99/6599-1.html
0000-0002-9697-0807,https://dblp.org/pid/97/5706.html
0000-0002-9710-6607,https://dblp.org/pid/60/72.html
0000-0002-9716-7709,https://dblp.org/pid/19/3851-1.html
0000-0002-9723-2742,https://dblp.org/pid/178/9864.html
0000-0002-9732-0283,https://dblp.org/pid/62/3636.html
0000-0002-9736-4454,https://dblp.org/pid/210/5431.html
0000-0002-9743-3819,https://dblp.org/pid/248/7150.html
0000-0002-9746-2476,https://dblp.org/pid/184/8185.html
0000-0002-9746-9109,https://dblp.org/pid/137/2122.html
0000-0002-9752-3398,https://dblp.org/pid/w/HeikeWinschiers.html
0000-0002-9762-0462,https://dblp.org/pid/40/2305.html
0000-0002-9766-6575,https://dblp.org/pid/239/9789.html
0000-0002-9769-3506,https://dblp.org/pid/63/4776.html
0000-0002-9774-2953,https://dblp.org/pid/179/5172.html
0000-0002-9776-9400,https://dblp.org/pid/128/9690.html
0000-0002-9787-0816,https://dblp.org/pid/251/1708.html
0000-0002-9807-5216,https://dblp.org/pid/55/11008-1.html
0000-0002-9808-5844,https://dblp.org/pid/99/9203.html
0000-0002-9811-4190,https://dblp.org/pid/66/1655-1.html
0000-0002-9813-0377,https://dblp.org/pid/m/KimMarriott.html
0000-0002-9819-088X,https://dblp.org/pid/132/9828.html
0000-0002-9831-3229,https://dblp.org/pid/06/11300.html
0000-0002-9838-5142,https://dblp.org/pid/02/6434.html
0000-0002-9846-2582,https://dblp.org/pid/09/742.html
0000-0002-9847-7784,https://dblp.org/pid/06/4530.html
0000-0002-9849-404X,https://dblp.org/pid/89/89.html
0000-0002-9851-6608,https://dblp.org/pid/179/4807.html
0000-0002-9856-9654,https://dblp.org/pid/h/JasonIHong.html
0000-0002-9864-9654,https://dblp.org/pid/10/6760.html
0000-0002-9872-1169,https://dblp.org/pid/186/0307.html
0000-0002-9877-6362,https://dblp.org/pid/98/2471.html
0000-0002-9881-6088,https://dblp.org/pid/83/7560.html
0000-0002-9884-0205,https://dblp.org/pid/161/3902.html
0000-0002-9910-295X,https://dblp.org/pid/231/3734.html
0000-0002-9922-5538,https://dblp.org/pid/144/5554.html
0000-0002-9932-0551,https://dblp.org/pid/58/1774.html
0000-0002-9947-0824,https://dblp.org/pid/273/7258.html
0000-0002-9948-6375,https://dblp.org/pid/d/EllenYiLuenDo.html
0000-0002-9950-4588,https://dblp.org/pid/218/0497.html
0000-0002-9954-4088,https://dblp.org/pid/80/8672.html
0000-0002-9974-8283,https://dblp.org/pid/213/8309.html
0000-0002-9986-3345,https://dblp.org/pid/116/0750.html
0000-0002-9990-7221,https://dblp.org/pid/219/2940.html
0000-0002-9993-2718,https://dblp.org/pid/274/7437.html
0000-0003-0001-355X,https://dblp.org/pid/77/9168.html
0000-0003-0007-5013,https://dblp.org/pid/b/DavidBenyon.html
0000-0003-0010-2261,https://dblp.org/pid/391/7058.html
0000-0003-0022-6512,https://dblp.org/pid/89/6600-2.html
0000-0003-0024-2192,https://dblp.org/pid/151/0058.html
0000-0003-0026-7568,https://dblp.org/pid/212/5112.html
0000-0003-0030-6870,https://dblp.org/pid/161/3213.html
0000-0003-0033-2104,https://dblp.org/pid/96/9598.html
0000-0003-0059-6580,https://dblp.org/pid/42/1154.html
0000-0003-0063-0996,https://dblp.org/pid/07/3793.html
0000-0003-0072-1089,https://dblp.org/pid/121/3307.html
0000-0003-0073-2378,https://dblp.org/pid/116/4794.html
0000-0003-0076-6703,https://dblp.org/pid/123/7231.html
0000-0003-0085-8130,https://dblp.org/pid/137/8044.html
0000-0003-0096-4240,https://dblp.org/pid/k/TKuflik.html
0000-0003-0107-299X,https://dblp.org/pid/40/3446.html
0000-0003-0111-6948,https://dblp.org/pid/61/4143.html
0000-0003-0124-9783,https://dblp.org/pid/48/9280.html
0000-0003-0134-6903,https://dblp.org/pid/14/8176.html
0000-0003-0148-7968,https://dblp.org/pid/r/TomRodden.html
0000-0003-0169-7682,https://dblp.org/pid/72/6720.html
0000-0003-0172-7087,https://dblp.org/pid/08/9798.html
0000-0003-0174-9665,https://dblp.org/pid/g/SaulGreenberg.html
0000-0003-0178-5543,https://dblp.org/pid/142/3986.html
0000-0003-0179-4466,https://dblp.org/pid/344/5683.html
0000-0003-0195-2225,https://dblp.org/pid/74/4609.html
0000-0003-0204-881X,https://dblp.org/pid/37/5811.html
0000-0003-0209-3872,https://dblp.org/pid/264/7277.html
0000-0003-0216-5573,https://dblp.org/pid/128/9352.html
0000-0003-0220-9812,https://dblp.org/pid/161/3337.html
0000-0003-0226-9399,https://dblp.org/pid/273/4255.html
0000-0003-0227-9781,https://dblp.org/pid/05/6465.html
0000-0003-0229-2345,https://dblp.org/pid/h/LarsErikHolmquist.html
0000-0003-0260-2956,https://dblp.org/pid/126/1949.html
0000-0003-0264-3504,https://dblp.org/pid/43/5615.html
0000-0003-0278-9896,https://dblp.org/pid/317/0808.html
0000-0003-0279-5276,https://dblp.org/pid/144/5526.html
0000-0003-0286-960X,https://dblp.org/pid/144/5375.html
0000-0003-0301-1154,https://dblp.org/pid/26/5379.html
0000-0003-0321-7267,https://dblp.org/pid/82/4253.html
0000-0003-0322-5144,https://dblp.org/pid/179/4671.html
0000-0003-0334-0097,https://dblp.org/pid/161/3360.html
0000-0003-0336-6430,https://dblp.org/pid/161/0181.html
0000-0003-0339-1935,https://dblp.org/pid/27/7740.html
0000-0003-0347-3789,https://dblp.org/pid/06/5220-1.html
0000-0003-0348-6731,https://dblp.org/pid/43/6089.html
0000-0003-0350-9083,https://dblp.org/pid/g/AntoniettaGrasso.html
0000-0003-0355-3041,https://dblp.org/pid/199/3079.html
0000-0003-0368-0032,https://dblp.org/pid/269/6224.html
0000-0003-0368-6581,https://dblp.org/pid/161/6012.html
0000-0003-0372-5800,https://dblp.org/pid/k/SriHastutiKurniawan.html
0000-0003-0399-8032,https://dblp.org/pid/33/5392-3.html
0000-0003-0446-9570,https://dblp.org/pid/239/7930.html
0000-0003-0447-1953,https://dblp.org/pid/159/0385.html
0000-0003-0461-2752,https://dblp.org/pid/14/3779.html
0000-0003-0463-0352,https://dblp.org/pid/09/1436.html
0000-0003-0468-4043,https://dblp.org/pid/36/3235-12.html
0000-0003-0469-8760,https://dblp.org/pid/143/3786.html
0000-0003-0476-4270,https://dblp.org/pid/91/11413.html
0000-0003-0478-7456,https://dblp.org/pid/41/6907.html
0000-0003-0484-4668,https://dblp.org/pid/17/2635.html
0000-0003-0492-3040,https://dblp.org/pid/199/3154.html
0000-0003-0503-3509,https://dblp.org/pid/59/9656.html
0000-0003-0505-9338,https://dblp.org/pid/21/7984.html
0000-0003-0544-6303,https://dblp.org/pid/166/2074.html
0000-0003-0552-8624,https://dblp.org/pid/47/1654.html
0000-0003-0560-4228,https://dblp.org/pid/89/7739.html
0000-0003-0575-0823,https://dblp.org/pid/37/2363.html
0000-0003-0584-6059,https://dblp.org/pid/28/9240.html
0000-0003-0586-1398,https://dblp.org/pid/229/1531.html
0000-0003-0586-795X,https://dblp.org/pid/126/1842.html
0000-0003-0597-3541,https://dblp.org/pid/239/9286.html
0000-0003-0597-4659,https://dblp.org/pid/151/6743.html
0000-0003-0599-8108,https://dblp.org/pid/292/5614.html
0000-0003-0603-2807,https://dblp.org/pid/144/5541.html
0000-0003-0603-3877,https://dblp.org/pid/75/3390.html
0000-0003-0603-3877,https://dblp.org/pid/80/7543.html
0000-0003-0620-0903,https://dblp.org/pid/164/3866.html
0000-0003-0632-3700,https://dblp.org/pid/45/638.html
0000-0003-0643-6262,https://dblp.org/pid/74/2482.html
0000-0003-0643-9092,https://dblp.org/pid/32/6027.html
0000-0003-0645-9026,https://dblp.org/pid/319/4568.html
0000-0003-0654-4335,https://dblp.org/pid/166/1017.html
0000-0003-0677-9329,https://dblp.org/pid/16/1723.html
0000-0003-0698-5472,https://dblp.org/pid/96/9255.html
0000-0003-0705-6990,https://dblp.org/pid/48/6964.html
0000-0003-0731-7767,https://dblp.org/pid/199/2929.html
0000-0003-0752-2090,https://dblp.org/pid/z/ShuminZhai.html
0000-0003-0760-6956,https://dblp.org/pid/150/6587.html
0000-0003-0772-6616,https://dblp.org/pid/40/5931.html
0000-0003-0774-5964,https://dblp.org/pid/31/5694.html
0000-0003-0790-6123,https://dblp.org/pid/56/1315.html
0000-0003-0794-1551,https://dblp.org/pid/42/3145-13.html
0000-0003-0799-4039,https://dblp.org/pid/73/6533.html
0000-0003-0804-6110,https://dblp.org/pid/c/MarshiniChetty.html
0000-0003-0807-2714,https://dblp.org/pid/126/1878.html
0000-0003-0835-5802,https://dblp.org/pid/99/11456.html
0000-0003-0839-481X,https://dblp.org/pid/116/2245.html
0000-0003-0840-0546,https://dblp.org/pid/131/8692.html
0000-0003-0868-3638,https://dblp.org/pid/62/6446.html
0000-0003-0868-6281,https://dblp.org/pid/89/5360.html
0000-0003-0870-7628,https://dblp.org/pid/34/2915-1.html
0000-0003-0873-2698,https://dblp.org/pid/94/5291.html
0000-0003-0877-5727,https://dblp.org/pid/59/9681-1.html
0000-0003-0881-401X,https://dblp.org/pid/c/MaryCzerwinski.html
0000-0003-0882-2335,https://dblp.org/pid/165/5334.html
0000-0003-0884-8092,https://dblp.org/pid/292/6019.html
0000-0003-0893-9277,https://dblp.org/pid/285/5625.html
0000-0003-0895-2148,https://dblp.org/pid/199/2977.html
0000-0003-0903-8999,https://dblp.org/pid/277/1292.html
0000-0003-0908-1639,https://dblp.org/pid/116/1678.html
0000-0003-0925-2303,https://dblp.org/pid/09/6591.html
0000-0003-0955-7959,https://dblp.org/pid/119/9562.html
0000-0003-0963-5005,https://dblp.org/pid/v/PaulVickers.html
0000-0003-0966-8739,https://dblp.org/pid/h/GillianRHayes.html
0000-0003-0971-5726,https://dblp.org/pid/k/GudrunKlinker.html
0000-0003-0987-8410,https://dblp.org/pid/78/9938.html
0000-0003-0989-6774,https://dblp.org/pid/159/0336.html
0000-0003-0992-5176,https://dblp.org/pid/179/4653.html
0000-0003-1001-2307,https://dblp.org/pid/194/9661.html
0000-0003-1008-2321,https://dblp.org/pid/144/5660.html
0000-0003-1021-0573,https://dblp.org/pid/77/5297.html
0000-0003-1022-5724,https://dblp.org/pid/l/ChristopherPeterLueg.html
0000-0003-1029-931X,https://dblp.org/pid/158/8707.html
0000-0003-1029-9934,https://dblp.org/pid/15/8737.html
0000-0003-1036-2497,https://dblp.org/pid/135/6741.html
0000-0003-1037-6602,https://dblp.org/pid/138/0971.html
0000-0003-1039-7155,https://dblp.org/pid/08/7562.html
0000-0003-1040-7034,https://dblp.org/pid/274/2746.html
0000-0003-1041-4760,https://dblp.org/pid/126/9678.html
0000-0003-1043-1341,https://dblp.org/pid/88/107.html
0000-0003-1060-6770,https://dblp.org/pid/128/9403.html
0000-0003-1071-4835,https://dblp.org/pid/07/2074.html
0000-0003-1074-4268,https://dblp.org/pid/c/AndyCockburn.html
0000-0003-1074-5068,https://dblp.org/pid/v/AndreaVitaletti.html
0000-0003-1079-2374,https://dblp.org/pid/30/4906.html
0000-0003-1085-6294,https://dblp.org/pid/161/3346.html
0000-0003-1087-1101,https://dblp.org/pid/245/6107.html
0000-0003-1088-3460,https://dblp.org/pid/18/10034-1.html
0000-0003-1090-5703,https://dblp.org/pid/151/0370.html
0000-0003-1096-1203,https://dblp.org/pid/97/6374.html
0000-0003-1104-0043,https://dblp.org/pid/179/5386.html
0000-0003-1104-4116,https://dblp.org/pid/32/5316.html
0000-0003-1108-0045,https://dblp.org/pid/201/3374.html
0000-0003-1125-9715,https://dblp.org/pid/339/2049.html
0000-0003-1128-5155,https://dblp.org/pid/r/CarolynPensteinRose.html
0000-0003-1128-729X,https://dblp.org/pid/39/5461.html
0000-0003-1151-2389,https://dblp.org/pid/17/3107.html
0000-0003-1156-2810,https://dblp.org/pid/08/5246.html
0000-0003-1159-0467,https://dblp.org/pid/220/7546.html
0000-0003-1169-2842,https://dblp.org/pid/164/0115.html
0000-0003-1200-9515,https://dblp.org/pid/85/7645.html
0000-0003-1202-5371,https://dblp.org/pid/11/178.html
0000-0003-1206-5701,https://dblp.org/pid/242/6478.html
0000-0003-1220-3983,https://dblp.org/pid/70/11145.html
0000-0003-1232-1269,https://dblp.org/pid/167/7680.html
0000-0003-1237-5814,https://dblp.org/pid/129/2150.html
0000-0003-1237-7545,https://dblp.org/pid/72/11299.html
0000-0003-1238-2328,https://dblp.org/pid/167/3736.html
0000-0003-1240-7994,https://dblp.org/pid/276/7895.html
0000-0003-1246-098X,https://dblp.org/pid/237/7549.html
0000-0003-1251-970X,https://dblp.org/pid/23/9925.html
0000-0003-1252-7814,https://dblp.org/pid/14/4474.html
0000-0003-1262-4227,https://dblp.org/pid/50/3140.html
0000-0003-1272-0470,https://dblp.org/pid/229/1000.html
0000-0003-1275-7652,https://dblp.org/pid/g/WilliamWGaver.html
0000-0003-1278-5688,https://dblp.org/pid/164/8172.html
0000-0003-1281-2180,https://dblp.org/pid/67/6306-1.html
0000-0003-1285-6909,https://dblp.org/pid/126/9788.html
0000-0003-1295-4963,https://dblp.org/pid/141/3926.html
0000-0003-1298-0774,https://dblp.org/pid/236/7191.html
0000-0003-1299-7867,https://dblp.org/pid/217/7358-1.html
0000-0003-1303-064X,https://dblp.org/pid/69/1786.html
0000-0003-1303-4456,https://dblp.org/pid/11/4792.html
0000-0003-1306-249X,https://dblp.org/pid/52/3938.html
0000-0003-1310-6499,https://dblp.org/pid/90/6577.html
0000-0003-1316-4170,https://dblp.org/pid/38/10484.html
0000-0003-1316-7515,https://dblp.org/pid/66/5146-1.html
0000-0003-1318-3937,https://dblp.org/pid/244/4183.html
0000-0003-1333-3915,https://dblp.org/pid/08/873.html
0000-0003-1336-3743,https://dblp.org/pid/234/6227.html
0000-0003-1341-0669,https://dblp.org/pid/17/7457.html
0000-0003-1370-5379,https://dblp.org/pid/52/5896.html
0000-0003-1389-8246,https://dblp.org/pid/179/5230.html
0000-0003-1390-8758,https://dblp.org/pid/b/JakobEBardram.html
0000-0003-1404-551X,https://dblp.org/pid/70/8574.html
0000-0003-1414-6329,https://dblp.org/pid/67/5797.html
0000-0003-1417-9278,https://dblp.org/pid/87/2366.html
0000-0003-1421-3544,https://dblp.org/pid/12/744.html
0000-0003-1429-7581,https://dblp.org/pid/408/2731.html
0000-0003-1430-8770,https://dblp.org/pid/r/AshwinRam-2.html
0000-0003-1436-9223,https://dblp.org/pid/m/MeredithRingelMorris.html
0000-0003-1438-2882,https://dblp.org/pid/154/1049.html
0000-0003-1447-6926,https://dblp.org/pid/23/162.html
0000-0003-1454-0641,https://dblp.org/pid/116/0730.html
0000-0003-1464-5355,https://dblp.org/pid/95/4327.html
0000-0003-1467-4439,https://dblp.org/pid/169/6065.html
0000-0003-1486-0688,https://dblp.org/pid/m/FlorianMichahelles.html
0000-0003-1487-9207,https://dblp.org/pid/234/7569.html
0000-0003-1493-2194,https://dblp.org/pid/76/9282.html
0000-0003-1495-9928,https://dblp.org/pid/81/6803.html
0000-0003-1500-2909,https://dblp.org/pid/168/0879.html
0000-0003-1507-5200,https://dblp.org/pid/61/6236.html
0000-0003-1509-3257,https://dblp.org/pid/b/JOBorchers.html
0000-0003-1519-8956,https://dblp.org/pid/180/3763.html
0000-0003-1520-8894,https://dblp.org/pid/l/JamesALanday.html
0000-0003-1523-163X,https://dblp.org/pid/221/3567.html
0000-0003-1545-5377,https://dblp.org/pid/269/2024.html
0000-0003-1569-4466,https://dblp.org/pid/154/6760.html
0000-0003-1573-1255,https://dblp.org/pid/63/11277.html
0000-0003-1575-385X,https://dblp.org/pid/91/7246.html
0000-0003-1607-0778,https://dblp.org/pid/131/3582.html
0000-0003-1621-5375,https://dblp.org/pid/91/9117.html
0000-0003-1630-0588,https://dblp.org/pid/179/3791.html
0000-0003-1630-7886,https://dblp.org/pid/20/6024.html
0000-0003-1639-9776,https://dblp.org/pid/23/4568.html
0000-0003-1644-7344,https://dblp.org/pid/208/7391.html
0000-0003-1645-2397,https://dblp.org/pid/35/3221.html
0000-0003-1661-4608,https://dblp.org/pid/84/7848.html
0000-0003-1673-9806,https://dblp.org/pid/13/9118.html
0000-0003-1681-7878,https://dblp.org/pid/66/3798.html
0000-0003-1701-0734,https://dblp.org/pid/76/5601.html
0000-0003-1717-4456,https://dblp.org/pid/245/6088.html
0000-0003-1728-4102,https://dblp.org/pid/84/10143.html
0000-0003-1729-1345,https://dblp.org/pid/90/854.html
0000-0003-1733-2653,https://dblp.org/pid/56/11299.html
0000-0003-1736-5404,https://dblp.org/pid/99/5441-2.html
0000-0003-1759-7512,https://dblp.org/pid/h/NathalieHenry.html
0000-0003-1760-5279,https://dblp.org/pid/161/3410.html
0000-0003-1763-4352,https://dblp.org/pid/203/0300.html
0000-0003-1765-7837,https://dblp.org/pid/15/1732.html
0000-0003-1770-0997,https://dblp.org/pid/95/5077.html
0000-0003-1775-213X,https://dblp.org/pid/42/9598.html
0000-0003-1776-7075,https://dblp.org/pid/37/6402.html
0000-0003-1781-0029,https://dblp.org/pid/05/9525.html
0000-0003-1804-6296,https://dblp.org/pid/159/8620-1.html
0000-0003-1804-7387,https://dblp.org/pid/05/5188.html
0000-0003-1805-7307,https://dblp.org/pid/270/6632.html
0000-0003-1809-6269,https://dblp.org/pid/33/6201.html
0000-0003-1818-1930,https://dblp.org/pid/173/9947.html
0000-0003-1823-5505,https://dblp.org/pid/s/MASasse.html
0000-0003-1827-8513,https://dblp.org/pid/179/5123.html
0000-0003-1848-7884,https://dblp.org/pid/97/11299.html
0000-0003-1850-6459,https://dblp.org/pid/165/5299.html
0000-0003-1851-0597,https://dblp.org/pid/268/6785.html
0000-0003-1852-3937,https://dblp.org/pid/170/1277.html
0000-0003-1854-1537,https://dblp.org/pid/144/5365.html
0000-0003-1856-4915,https://dblp.org/pid/230/6263.html
0000-0003-1859-986X,https://dblp.org/pid/53/3731.html
0000-0003-1861-5444,https://dblp.org/pid/136/6984.html
0000-0003-1867-9536,https://dblp.org/pid/05/4928.html
0000-0003-1874-0958,https://dblp.org/pid/02/3911.html
0000-0003-1894-8898,https://dblp.org/pid/194/1900.html
0000-0003-1900-4020,https://dblp.org/pid/04/1767.html
0000-0003-1900-6878,https://dblp.org/pid/41/1844.html
0000-0003-1905-815X,https://dblp.org/pid/15/4574.html
0000-0003-1910-8532,https://dblp.org/pid/57/4464.html
0000-0003-1911-836X,https://dblp.org/pid/a/EytanAdar.html
0000-0003-1919-9016,https://dblp.org/pid/117/6741.html
0000-0003-1936-3103,https://dblp.org/pid/62/8928.html
0000-0003-1941-939X,https://dblp.org/pid/155/3286.html
0000-0003-1943-8320,https://dblp.org/pid/130/2269.html
0000-0003-1954-5441,https://dblp.org/pid/88/2301.html
0000-0003-1976-7992,https://dblp.org/pid/220/0031.html
0000-0003-1981-6395,https://dblp.org/pid/18/10649.html
0000-0003-1985-0227,https://dblp.org/pid/217/3014.html
0000-0003-1987-1685,https://dblp.org/pid/293/9864.html
0000-0003-1989-3411,https://dblp.org/pid/291/9676.html
0000-0003-1991-6062,https://dblp.org/pid/97/6312.html
0000-0003-1998-1964,https://dblp.org/pid/w/AnnikaWarn.html
0000-0003-1998-2975,https://dblp.org/pid/52/2649.html
0000-0003-2004-4812,https://dblp.org/pid/81/7962.html
0000-0003-2008-7070,https://dblp.org/pid/w/DanielWigdor.html
0000-0003-2014-6085,https://dblp.org/pid/164/2589.html
0000-0003-2016-4080,https://dblp.org/pid/166/6045-2.html
0000-0003-2033-959X,https://dblp.org/pid/94/7175-1.html
0000-0003-2042-6597,https://dblp.org/pid/161/3321.html
0000-0003-2048-7947,https://dblp.org/pid/38/9744.html
0000-0003-2068-5118,https://dblp.org/pid/199/2668.html
0000-0003-2073-715X,https://dblp.org/pid/17/6795.html
0000-0003-2079-2394,https://dblp.org/pid/181/2619.html
0000-0003-2085-193X,https://dblp.org/pid/27/7037.html
0000-0003-2089-207X,https://dblp.org/pid/35/2119.html
0000-0003-2095-9983,https://dblp.org/pid/71/2423.html
0000-0003-2125-0124,https://dblp.org/pid/03/1595.html
0000-0003-2126-8527,https://dblp.org/pid/14/1957.html
0000-0003-2139-8276,https://dblp.org/pid/89/9167.html
0000-0003-2152-1027,https://dblp.org/pid/55/1719-1.html
0000-0003-2154-6945,https://dblp.org/pid/133/7635.html
0000-0003-2159-7566,https://dblp.org/pid/88/4848.html
0000-0003-2172-6233,https://dblp.org/pid/62/6700.html
0000-0003-2176-159X,https://dblp.org/pid/t/DesneySTan.html
0000-0003-2187-0104,https://dblp.org/pid/132/7259.html
0000-0003-2195-0630,https://dblp.org/pid/44/7982.html
0000-0003-2202-8525,https://dblp.org/pid/37/4190-5.html
0000-0003-2204-2132,https://dblp.org/pid/177/0313.html
0000-0003-2206-1720,https://dblp.org/pid/86/4398.html
0000-0003-2231-2964,https://dblp.org/pid/50/2321.html
0000-0003-2233-2121,https://dblp.org/pid/g/HWGellersen.html
0000-0003-2235-6078,https://dblp.org/pid/142/3048.html
0000-0003-2249-0728,https://dblp.org/pid/18/701.html
0000-0003-2254-2831,https://dblp.org/pid/141/4001.html
0000-0003-2257-9394,https://dblp.org/pid/321/2398.html
0000-0003-2279-3235,https://dblp.org/pid/25/1432.html
0000-0003-2281-8172,https://dblp.org/pid/258/0340.html
0000-0003-2283-8587,https://dblp.org/pid/152/9018.html
0000-0003-2288-0785,https://dblp.org/pid/07/1108.html
0000-0003-2294-0119,https://dblp.org/pid/182/5164.html
0000-0003-2300-0815,https://dblp.org/pid/57/1739.html
0000-0003-2302-5027,https://dblp.org/pid/95/2264-1.html
0000-0003-2303-3684,https://dblp.org/pid/81/9924.html
0000-0003-2329-7831,https://dblp.org/pid/63/840.html
0000-0003-2351-0604,https://dblp.org/pid/74/576.html
0000-0003-2359-2515,https://dblp.org/pid/07/1779.html
0000-0003-2360-7799,https://dblp.org/pid/189/9105.html
0000-0003-2361-7284,https://dblp.org/pid/38/1141.html
0000-0003-2363-5159,https://dblp.org/pid/269/5034.html
0000-0003-2399-9374,https://dblp.org/pid/98/3115.html
0000-0003-2412-9776,https://dblp.org/pid/176/4136.html
0000-0003-2423-4963,https://dblp.org/pid/44/6474.html
0000-0003-2425-3013,https://dblp.org/pid/128/4803.html
0000-0003-2430-815X,https://dblp.org/pid/139/2338.html
0000-0003-2431-9190,https://dblp.org/pid/20/9598.html
0000-0003-2435-5706,https://dblp.org/pid/138/0525.html
0000-0003-2440-9719,https://dblp.org/pid/00/7178.html
0000-0003-2442-4361,https://dblp.org/pid/32/6470.html
0000-0003-2445-152X,https://dblp.org/pid/259/2255.html
0000-0003-2452-0687,https://dblp.org/pid/75/7215.html
0000-0003-2452-2295,https://dblp.org/pid/s/ClaudioTSilva.html
0000-0003-2459-2744,https://dblp.org/pid/83/396.html
0000-0003-2459-4045,https://dblp.org/pid/82/1577.html
0000-0003-2460-0468,https://dblp.org/pid/89/4326.html
0000-0003-2471-9776,https://dblp.org/pid/157/1844.html
0000-0003-2472-6968,https://dblp.org/pid/06/6785-41.html
0000-0003-2487-9251,https://dblp.org/pid/45/165.html
0000-0003-2489-5016,https://dblp.org/pid/233/3181.html
0000-0003-2492-2424,https://dblp.org/pid/17/1744.html
0000-0003-2497-0530,https://dblp.org/pid/185/0960.html
0000-0003-2523-7808,https://dblp.org/pid/145/5306-1.html
0000-0003-2530-2331,https://dblp.org/pid/116/2284.html
0000-0003-2536-0208,https://dblp.org/pid/150/2894.html
0000-0003-2539-0730,https://dblp.org/pid/217/4562.html
0000-0003-2540-0839,https://dblp.org/pid/61/5997-1.html
0000-0003-2541-2776,https://dblp.org/pid/201/4951.html
0000-0003-2548-1501,https://dblp.org/pid/137/3352.html
0000-0003-2548-2125,https://dblp.org/pid/83/3770.html
0000-0003-2553-6277,https://dblp.org/pid/57/5081.html
0000-0003-2583-4522,https://dblp.org/pid/275/3490.html
0000-0003-2590-9600,https://dblp.org/pid/38/1777.html
0000-0003-2591-7993,https://dblp.org/pid/72/6319.html
0000-0003-2619-5996,https://dblp.org/pid/132/2300.html
0000-0003-2620-2623,https://dblp.org/pid/16/6847.html
0000-0003-2622-5235,https://dblp.org/pid/305/9348.html
0000-0003-2625-1572,https://dblp.org/pid/194/3649.html
0000-0003-2640-302X,https://dblp.org/pid/m/RobertoManduchi.html
0000-0003-2653-7677,https://dblp.org/pid/116/7168.html
0000-0003-2657-0485,https://dblp.org/pid/146/2555.html
0000-0003-2661-2761,https://dblp.org/pid/25/6737.html
0000-0003-2664-1634,https://dblp.org/pid/174/5653.html
0000-0003-2671-6149,https://dblp.org/pid/26/2748.html
0000-0003-2674-4043,https://dblp.org/pid/v/MelanieVolkamer.html
0000-0003-2677-5907,https://dblp.org/pid/39/8301.html
0000-0003-2703-6022,https://dblp.org/pid/35/1264.html
0000-0003-2707-0538,https://dblp.org/pid/r/JenniferAnnRode.html
0000-0003-2711-887X,https://dblp.org/pid/264/7235.html
0000-0003-2714-4293,https://dblp.org/pid/22/8827.html
0000-0003-2714-6264,https://dblp.org/pid/28/441-1.html
0000-0003-2720-7768,https://dblp.org/pid/153/6078.html
0000-0003-2725-4003,https://dblp.org/pid/209/2420.html
0000-0003-2733-2681,https://dblp.org/pid/16/7040-1.html
0000-0003-2736-2899,https://dblp.org/pid/131/2709.html
0000-0003-2738-1096,https://dblp.org/pid/239/9572.html
0000-0003-2760-2370,https://dblp.org/pid/l/EdwardLank.html
0000-0003-2761-1429,https://dblp.org/pid/06/11413.html
0000-0003-2775-4913,https://dblp.org/pid/10/5013.html
0000-0003-2776-0643,https://dblp.org/pid/66/2927.html
0000-0003-2781-6619,https://dblp.org/pid/165/9166.html
0000-0003-2783-047X,https://dblp.org/pid/97/11301.html
0000-0003-2790-5080,https://dblp.org/pid/46/156.html
0000-0003-2792-2964,https://dblp.org/pid/247/6965.html
0000-0003-2802-6117,https://dblp.org/pid/170/8433.html
0000-0003-2819-1083,https://dblp.org/pid/124/0313.html
0000-0003-2837-5181,https://dblp.org/pid/51/7591.html
0000-0003-2841-7580,https://dblp.org/pid/60/397.html
0000-0003-2846-2592,https://dblp.org/pid/05/1353.html
0000-0003-2858-2420,https://dblp.org/pid/166/4113-2.html
0000-0003-2858-8857,https://dblp.org/pid/06/1681-1.html
0000-0003-2867-3568,https://dblp.org/pid/73/7294.html
0000-0003-2875-6793,https://dblp.org/pid/06/5053.html
0000-0003-2878-9712,https://dblp.org/pid/217/9404.html
0000-0003-2905-1584,https://dblp.org/pid/266/2824.html
0000-0003-2906-7391,https://dblp.org/pid/149/4937.html
0000-0003-2910-1844,https://dblp.org/pid/292/6084.html
0000-0003-2918-1901,https://dblp.org/pid/319/4703.html
0000-0003-2942-5793,https://dblp.org/pid/68/2850.html
0000-0003-2950-8310,https://dblp.org/pid/52/3813.html
0000-0003-2952-7765,https://dblp.org/pid/145/3172.html
0000-0003-2959-0705,https://dblp.org/pid/04/838.html
0000-0003-2969-4627,https://dblp.org/pid/59/3596.html
0000-0003-2971-2223,https://dblp.org/pid/217/9503.html
0000-0003-2976-3653,https://dblp.org/pid/32/3088-1.html
0000-0003-2983-6808,https://dblp.org/pid/161/5559.html
0000-0003-2987-7634,https://dblp.org/pid/205/3306.html
0000-0003-2988-5001,https://dblp.org/pid/33/6315-10.html
0000-0003-3000-4160,https://dblp.org/pid/136/9212.html
0000-0003-3019-3627,https://dblp.org/pid/119/9608.html
0000-0003-3025-4194,https://dblp.org/pid/87/1275.html
0000-0003-3029-2799,https://dblp.org/pid/62/4858.html
0000-0003-3058-7255,https://dblp.org/pid/154/7105.html
0000-0003-3075-2409,https://dblp.org/pid/12/9156.html
0000-0003-3077-6267,https://dblp.org/pid/207/5334.html
0000-0003-3081-1587,https://dblp.org/pid/140/9527.html
0000-0003-3084-5189,https://dblp.org/pid/237/5136.html
0000-0003-3085-3277,https://dblp.org/pid/12/4490.html
0000-0003-3087-3251,https://dblp.org/pid/10/5845.html
0000-0003-3089-6883,https://dblp.org/pid/21/8524.html
0000-0003-3095-7762,https://dblp.org/pid/292/2107.html
0000-0003-3100-2466,https://dblp.org/pid/63/9608.html
0000-0003-3111-2470,https://dblp.org/pid/22/7181.html
0000-0003-3129-8447,https://dblp.org/pid/48/4792-54.html
0000-0003-3142-0481,https://dblp.org/pid/01/1114.html
0000-0003-3146-4484,https://dblp.org/pid/08/1610.html
0000-0003-3165-6136,https://dblp.org/pid/173/9215.html
0000-0003-3166-3512,https://dblp.org/pid/24/2745.html
0000-0003-3174-9308,https://dblp.org/pid/40/8339-1.html
0000-0003-3187-2955,https://dblp.org/pid/05/4936.html
0000-0003-3208-3755,https://dblp.org/pid/81/3783.html
0000-0003-3223-105X,https://dblp.org/pid/03/5398.html
0000-0003-3230-5338,https://dblp.org/pid/13/310.html
0000-0003-3238-9404,https://dblp.org/pid/76/6744.html
0000-0003-3239-8749,https://dblp.org/pid/14/7599.html
0000-0003-3240-3122,https://dblp.org/pid/29/7640.html
0000-0003-3253-3963,https://dblp.org/pid/98/10896.html
0000-0003-3260-9091,https://dblp.org/pid/167/3348.html
0000-0003-3267-3317,https://dblp.org/pid/18/5099-3.html
0000-0003-3268-477X,https://dblp.org/pid/92/2762.html
0000-0003-3271-2400,https://dblp.org/pid/m/MarilynRoseMcGee.html
0000-0003-3275-3333,https://dblp.org/pid/v/JeanVanderdonckt.html
0000-0003-3275-407X,https://dblp.org/pid/97/1533.html
0000-0003-3275-992X,https://dblp.org/pid/170/7526.html
0000-0003-3276-7866,https://dblp.org/pid/02/4869.html
0000-0003-3290-5261,https://dblp.org/pid/15/6252.html
0000-0003-3293-4521,https://dblp.org/pid/164/1585.html
0000-0003-3294-9555,https://dblp.org/pid/94/909-1.html
0000-0003-3295-5111,https://dblp.org/pid/81/3859.html
0000-0003-3324-9497,https://dblp.org/pid/69/513.html
0000-0003-3328-0312,https://dblp.org/pid/297/8450.html
0000-0003-3346-5886,https://dblp.org/pid/138/3644.html
0000-0003-3348-7727,https://dblp.org/pid/49/3584.html
0000-0003-3362-5800,https://dblp.org/pid/135/9235.html
0000-0003-3368-0180,https://dblp.org/pid/196/1167.html
0000-0003-3368-2282,https://dblp.org/pid/20/7190.html
0000-0003-3373-1048,https://dblp.org/pid/241/9783.html
0000-0003-3391-3060,https://dblp.org/pid/220/7494.html
0000-0003-3400-925X,https://dblp.org/pid/247/3730.html
0000-0003-3418-0065,https://dblp.org/pid/50/9597.html
0000-0003-3419-9735,https://dblp.org/pid/207/1940.html
0000-0003-3427-0909,https://dblp.org/pid/f/PeterForbrig.html
0000-0003-3427-2226,https://dblp.org/pid/271/4552.html
0000-0003-3434-3450,https://dblp.org/pid/46/1371.html
0000-0003-3443-5806,https://dblp.org/pid/179/4697.html
0000-0003-3445-3414,https://dblp.org/pid/62/7969.html
0000-0003-3450-148X,https://dblp.org/pid/217/9621.html
0000-0003-3476-7923,https://dblp.org/pid/12/5400.html
0000-0003-3479-5297,https://dblp.org/pid/165/9616.html
0000-0003-3481-3360,https://dblp.org/pid/59/6697.html
0000-0003-3486-8943,https://dblp.org/pid/92/7573.html
0000-0003-3493-8745,https://dblp.org/pid/22/3976.html
0000-0003-3495-6855,https://dblp.org/pid/207/5937.html
0000-0003-3506-8972,https://dblp.org/pid/207/9903.html
0000-0003-3511-545X,https://dblp.org/pid/67/3007.html
0000-0003-3522-5990,https://dblp.org/pid/10/1492.html
0000-0003-3529-0653,https://dblp.org/pid/169/5172.html
0000-0003-3529-3889,https://dblp.org/pid/56/9597.html
0000-0003-3531-968X,https://dblp.org/pid/28/9571.html
0000-0003-3547-2131,https://dblp.org/pid/91/4986.html
0000-0003-3584-6754,https://dblp.org/pid/97/8704-216.html
0000-0003-3592-2163,https://dblp.org/pid/07/4718.html
0000-0003-3594-6624,https://dblp.org/pid/13/3887.html
0000-0003-3607-8873,https://dblp.org/pid/118/3739.html
0000-0003-3634-8597,https://dblp.org/pid/83/8320.html
0000-0003-3639-3064,https://dblp.org/pid/258/7905.html
0000-0003-3639-9327,https://dblp.org/pid/20/6821.html
0000-0003-3641-8241,https://dblp.org/pid/w/YangWang5.html
0000-0003-3654-1645,https://dblp.org/pid/42/469.html
0000-0003-3670-1813,https://dblp.org/pid/36/11536.html
0000-0003-3675-5491,https://dblp.org/pid/18/6907.html
0000-0003-3681-6784,https://dblp.org/pid/144/0232.html
0000-0003-3684-307X,https://dblp.org/pid/48/2412.html
0000-0003-3686-695X,https://dblp.org/pid/87/8700-1.html
0000-0003-3687-4220,https://dblp.org/pid/s/ConstantineStephanidis.html
0000-0003-3687-6365,https://dblp.org/pid/151/3202.html
0000-0003-3689-1768,https://dblp.org/pid/00/6605.html
0000-0003-3692-243X,https://dblp.org/pid/216/0404.html
0000-0003-3701-3123,https://dblp.org/pid/144/1223.html
0000-0003-3718-7043,https://dblp.org/pid/75/9522.html
0000-0003-3722-406X,https://dblp.org/pid/61/2654.html
0000-0003-3727-9204,https://dblp.org/pid/45/5158.html
0000-0003-3728-218X,https://dblp.org/pid/61/500-23.html
0000-0003-3731-7047,https://dblp.org/pid/b/AmyBruckman.html
0000-0003-3743-2387,https://dblp.org/pid/62/6006.html
0000-0003-3743-7858,https://dblp.org/pid/179/4647.html
0000-0003-3761-296X,https://dblp.org/pid/05/9544.html
0000-0003-3767-292X,https://dblp.org/pid/264/7280.html
0000-0003-3768-5894,https://dblp.org/pid/168/0026.html
0000-0003-3770-8726,https://dblp.org/pid/f/JeanDanielFekete.html
0000-0003-3790-5834,https://dblp.org/pid/25/8737.html
0000-0003-3793-3659,https://dblp.org/pid/158/3814.html
0000-0003-3800-5870,https://dblp.org/pid/174/7167.html
0000-0003-3804-5565,https://dblp.org/pid/206/1190.html
0000-0003-3806-5144,https://dblp.org/pid/42/6730.html
0000-0003-3814-7174,https://dblp.org/pid/134/5719.html
0000-0003-3845-9143,https://dblp.org/pid/178/9809.html
0000-0003-3855-9961,https://dblp.org/pid/03/1669.html
0000-0003-3861-6321,https://dblp.org/pid/80/6091.html
0000-0003-3870-636X,https://dblp.org/pid/91/7584.html
0000-0003-3875-5727,https://dblp.org/pid/239/4679.html
0000-0003-3877-8208,https://dblp.org/pid/179/4854.html
0000-0003-3881-2840,https://dblp.org/pid/69/5965.html
0000-0003-3889-2529,https://dblp.org/pid/41/6185.html
0000-0003-3890-1990,https://dblp.org/pid/s/AlbrechtSchmidt1.html
0000-0003-3891-5460,https://dblp.org/pid/74/10105-1.html
0000-0003-3916-7708,https://dblp.org/pid/84/6475.html
0000-0003-3922-5648,https://dblp.org/pid/179/3668.html
0000-0003-3930-8128,https://dblp.org/pid/141/9244.html
0000-0003-3933-9266,https://dblp.org/pid/06/4143.html
0000-0003-3934-9325,https://dblp.org/pid/219/0948.html
0000-0003-3946-3056,https://dblp.org/pid/178/4260.html
0000-0003-3960-6248,https://dblp.org/pid/52/10273.html
0000-0003-3962-4868,https://dblp.org/pid/240/1414.html
0000-0003-3972-6776,https://dblp.org/pid/38/6098.html
0000-0003-3977-9093,https://dblp.org/pid/169/3326.html
0000-0003-3983-1955,https://dblp.org/pid/203/5221.html
0000-0003-3987-201X,https://dblp.org/pid/62/5698.html
0000-0003-4002-6136,https://dblp.org/pid/176/0791.html
0000-0003-4017-6329,https://dblp.org/pid/87/5899.html
0000-0003-4020-6321,https://dblp.org/pid/22/6115-5.html
0000-0003-4024-8871,https://dblp.org/pid/162/5232.html
0000-0003-4035-0198,https://dblp.org/pid/23/2445.html
0000-0003-4035-1860,https://dblp.org/pid/270/0925.html
0000-0003-4046-3424,https://dblp.org/pid/161/3667.html
0000-0003-4051-3356,https://dblp.org/pid/32/10916.html
0000-0003-4052-0214,https://dblp.org/pid/43/1718.html
0000-0003-4056-3820,https://dblp.org/pid/98/3201-1.html
0000-0003-4063-9944,https://dblp.org/pid/03/6193.html
0000-0003-4067-7529,https://dblp.org/pid/93/7563.html
0000-0003-4085-8602,https://dblp.org/pid/45/8618.html
0000-0003-4102-2575,https://dblp.org/pid/57/4427.html
0000-0003-4103-3565,https://dblp.org/pid/13/2720.html
0000-0003-4110-1759,https://dblp.org/pid/180/4530.html
0000-0003-4120-4758,https://dblp.org/pid/129/2108.html
0000-0003-4126-0696,https://dblp.org/pid/292/5649.html
0000-0003-4129-7659,https://dblp.org/pid/s/JohnTStasko.html
0000-0003-4142-2739,https://dblp.org/pid/05/6838.html
0000-0003-4142-8444,https://dblp.org/pid/50/6916.html
0000-0003-4143-2347,https://dblp.org/pid/19/5676.html
0000-0003-4161-1820,https://dblp.org/pid/83/358.html
0000-0003-4162-2132,https://dblp.org/pid/18/5812.html
0000-0003-4168-6099,https://dblp.org/pid/128/9269.html
0000-0003-4169-2579,https://dblp.org/pid/w/IngmarWeber.html
0000-0003-4172-4534,https://dblp.org/pid/91/6227.html
0000-0003-4172-6759,https://dblp.org/pid/b/MarkBillinghurst.html
0000-0003-4189-8040,https://dblp.org/pid/215/3169.html
0000-0003-4192-0420,https://dblp.org/pid/71/5014.html
0000-0003-4192-9302,https://dblp.org/pid/81/872.html
0000-0003-4193-2114,https://dblp.org/pid/19/1614.html
0000-0003-4198-5021,https://dblp.org/pid/13/2353.html
0000-0003-4223-2320,https://dblp.org/pid/160/4282.html
0000-0003-4228-2336,https://dblp.org/pid/p/ErikaShehanPoole.html
0000-0003-4228-7962,https://dblp.org/pid/78/604.html
0000-0003-4230-3440,https://dblp.org/pid/34/4371.html
0000-0003-4251-1127,https://dblp.org/pid/70/4286-1.html
0000-0003-4260-4278,https://dblp.org/pid/83/2666.html
0000-0003-4266-975X,https://dblp.org/pid/20/5611.html
0000-0003-4272-0068,https://dblp.org/pid/308/8138.html
0000-0003-4273-2536,https://dblp.org/pid/57/7259.html
0000-0003-4273-5112,https://dblp.org/pid/91/9957.html
0000-0003-4285-0073,https://dblp.org/pid/204/1679.html
0000-0003-4286-8468,https://dblp.org/pid/94/3019-82.html
0000-0003-4290-8829,https://dblp.org/pid/93/2134.html
0000-0003-4293-1623,https://dblp.org/pid/b/SusanneBoll.html
0000-0003-4293-4082,https://dblp.org/pid/58/5190-1.html
0000-0003-4301-8393,https://dblp.org/pid/66/4061.html
0000-0003-4306-8825,https://dblp.org/pid/57/9306.html
0000-0003-4307-9567,https://dblp.org/pid/161/3790.html
0000-0003-4317-0184,https://dblp.org/pid/87/8324.html
0000-0003-4323-4467,https://dblp.org/pid/319/5105.html
0000-0003-4330-957X,https://dblp.org/pid/215/3175.html
0000-0003-4342-7082,https://dblp.org/pid/95/1908.html
0000-0003-4342-7699,https://dblp.org/pid/128/0409.html
0000-0003-4344-9986,https://dblp.org/pid/128/9313.html
0000-0003-4346-6911,https://dblp.org/pid/129/4413.html
0000-0003-4350-1123,https://dblp.org/pid/s/GiuseppeSantucci.html
0000-0003-4374-3237,https://dblp.org/pid/163/6994.html
0000-0003-4375-7655,https://dblp.org/pid/189/4616.html
0000-0003-4379-3971,https://dblp.org/pid/216/0041.html
0000-0003-4403-765X,https://dblp.org/pid/218/0264.html
0000-0003-4405-0010,https://dblp.org/pid/15/3631.html
0000-0003-4408-8318,https://dblp.org/pid/55/3263.html
0000-0003-4413-2497,https://dblp.org/pid/30/9639-1.html
0000-0003-4414-2249,https://dblp.org/pid/08/10485.html
0000-0003-4438-3544,https://dblp.org/pid/192/4838.html
0000-0003-4470-9495,https://dblp.org/pid/g/CarlGutwin.html
0000-0003-4485-6663,https://dblp.org/pid/214/7838.html
0000-0003-4488-5683,https://dblp.org/pid/30/1994.html
0000-0003-4495-9371,https://dblp.org/pid/344/9244.html
0000-0003-4498-0496,https://dblp.org/pid/36/9735.html
0000-0003-4499-6420,https://dblp.org/pid/22/904.html
0000-0003-4504-0877,https://dblp.org/pid/13/5796.html
0000-0003-4508-9865,https://dblp.org/pid/18/7247.html
0000-0003-4520-9783,https://dblp.org/pid/151/3796.html
0000-0003-4522-3155,https://dblp.org/pid/h/MichaelHaller.html
0000-0003-4527-4905,https://dblp.org/pid/245/9767.html
0000-0003-4530-7885,https://dblp.org/pid/24/1462.html
0000-0003-4543-7196,https://dblp.org/pid/01/7985.html
0000-0003-4555-6187,https://dblp.org/pid/207/3909.html
0000-0003-4568-0698,https://dblp.org/pid/190/2270.html
0000-0003-4572-4646,https://dblp.org/pid/277/6613.html
0000-0003-4578-0226,https://dblp.org/pid/292/5582.html
0000-0003-4579-6252,https://dblp.org/pid/25/4104.html
0000-0003-4593-4766,https://dblp.org/pid/252/6033.html
0000-0003-4599-729X,https://dblp.org/pid/71/6381.html
0000-0003-4605-4242,https://dblp.org/pid/41/4688.html
0000-0003-4607-0920,https://dblp.org/pid/66/4513.html
0000-0003-4610-1643,https://dblp.org/pid/51/822.html
0000-0003-4610-2689,https://dblp.org/pid/213/1377.html
0000-0003-4617-5116,https://dblp.org/pid/194/4218.html
0000-0003-4631-4438,https://dblp.org/pid/71/7815.html
0000-0003-4632-7212,https://dblp.org/pid/132/2320.html
0000-0003-4635-0703,https://dblp.org/pid/296/2139.html
0000-0003-4637-8239,https://dblp.org/pid/27/5216.html
0000-0003-4664-1412,https://dblp.org/pid/o/SharonLOviatt.html
0000-0003-4664-9983,https://dblp.org/pid/263/2217.html
0000-0003-4680-0022,https://dblp.org/pid/203/6747.html
0000-0003-4689-986X,https://dblp.org/pid/195/7927.html
0000-0003-4699-5026,https://dblp.org/pid/10/1625.html
0000-0003-4711-7268,https://dblp.org/pid/40/9789.html
0000-0003-4716-4179,https://dblp.org/pid/74/205.html
0000-0003-4717-3825,https://dblp.org/pid/01/1311.html
0000-0003-4718-5201,https://dblp.org/pid/131/6260.html
0000-0003-4720-3844,https://dblp.org/pid/322/0210.html
0000-0003-4721-7293,https://dblp.org/pid/69/4875.html
0000-0003-4746-3988,https://dblp.org/pid/201/3360.html
0000-0003-4748-9336,https://dblp.org/pid/247/3383.html
0000-0003-4750-1569,https://dblp.org/pid/08/6576.html
0000-0003-4752-5376,https://dblp.org/pid/59/3417.html
0000-0003-4764-0139,https://dblp.org/pid/155/3169.html
0000-0003-4768-7623,https://dblp.org/pid/79/7015.html
0000-0003-4781-2551,https://dblp.org/pid/h/OttheinHerzog.html
0000-0003-4781-4733,https://dblp.org/pid/26/1236.html
0000-0003-4793-2289,https://dblp.org/pid/119/1352.html
0000-0003-4796-300X,https://dblp.org/pid/12/6243-1.html
0000-0003-4826-8324,https://dblp.org/pid/45/9307.html
0000-0003-4831-2516,https://dblp.org/pid/80/9542.html
0000-0003-4832-8024,https://dblp.org/pid/31/5638-1.html
0000-0003-4856-3139,https://dblp.org/pid/364/3589.html
0000-0003-4864-3155,https://dblp.org/pid/00/7001-1.html
0000-0003-4869-6804,https://dblp.org/pid/331/6283.html
0000-0003-4877-5289,https://dblp.org/pid/167/5289.html
0000-0003-4884-9612,https://dblp.org/pid/68/11181.html
0000-0003-4889-9484,https://dblp.org/pid/09/3905.html
0000-0003-4894-4070,https://dblp.org/pid/26/7246.html
0000-0003-4899-6671,https://dblp.org/pid/25/10668.html
0000-0003-4899-8618,https://dblp.org/pid/86/219.html
0000-0003-4905-7166,https://dblp.org/pid/68/7019.html
0000-0003-4918-7390,https://dblp.org/pid/189/9107.html
0000-0003-4919-4582,https://dblp.org/pid/119/8784.html
0000-0003-4922-6601,https://dblp.org/pid/23/4804.html
0000-0003-4928-6225,https://dblp.org/pid/218/0100.html
0000-0003-4932-7314,https://dblp.org/pid/10/2174.html
0000-0003-4933-7168,https://dblp.org/pid/10/9593.html
0000-0003-4935-5008,https://dblp.org/pid/85/5186.html
0000-0003-4948-4459,https://dblp.org/pid/52/4442.html
0000-0003-4960-8757,https://dblp.org/pid/25/630.html
0000-0003-4961-6554,https://dblp.org/pid/33/10461.html
0000-0003-4962-751X,https://dblp.org/pid/61/5395.html
0000-0003-4966-8899,https://dblp.org/pid/00/1858.html
0000-0003-4972-4061,https://dblp.org/pid/74/9116.html
0000-0003-4978-3897,https://dblp.org/pid/220/7564.html
0000-0003-4987-7308,https://dblp.org/pid/204/1181.html
0000-0003-4991-1393,https://dblp.org/pid/168/4194.html
0000-0003-4995-4545,https://dblp.org/pid/251/4550.html
0009-0000-1878-3646,https://dblp.org/pid/349/2159.html
0009-0000-2131-4234,https://dblp.org/pid/49/612.html
0009-0000-2145-3445,https://dblp.org/pid/206/8585.html
0009-0000-2635-661X,https://dblp.org/pid/81/370.html
0009-0000-2878-5960,https://dblp.org/pid/02/4024.html
0009-0000-3633-780X,https://dblp.org/pid/67/1293.html
0009-0000-4478-1265,https://dblp.org/pid/r/SPRobertson.html
0009-0000-5175-5962,https://dblp.org/pid/50/6860.html
0009-0000-5239-7407,https://dblp.org/pid/49/2613.html
0009-0000-6054-8471,https://dblp.org/pid/65/9408.html
0009-0000-6927-901X,https://dblp.org/pid/151/0042.html
0009-0000-6937-6370,https://dblp.org/pid/264/7137.html
0009-0000-7080-7107,https://dblp.org/pid/234/4546.html
0009-0000-7964-536X,https://dblp.org/pid/86/4901.html
0009-0000-8062-3061,https://dblp.org/pid/86/1773.html
0009-0000-8635-6363,https://dblp.org/pid/91/5041.html
0009-0001-0053-2168,https://dblp.org/pid/386/5969.html
0009-0001-0575-1095,-
0009-0001-1700-9269,https://dblp.org/pid/403/0170.html
0009-0001-2107-1647,https://dblp.org/pid/84/3107.html
0009-0001-2826-1099,https://dblp.org/pid/134/2917.html
0009-0001-5869-9817,https://dblp.org/pid/374/8684.html
0009-0001-6035-9678,https://dblp.org/pid/218/5722.html
0009-0001-7921-9544,https://dblp.org/pid/181/8259.html
0009-0001-9112-1267,https://dblp.org/pid/99/2692.html
0009-0002-0102-3119,https://dblp.org/pid/151/0168.html
0009-0002-0627-8348,https://dblp.org/pid/118/9017.html
0009-0002-2632-7186,https://dblp.org/pid/44/7848.html
0009-0002-2680-2645,https://dblp.org/pid/82/1420.html
0009-0002-3109-2967,https://dblp.org/pid/b/AlanBorning.html
0009-0002-4573-7551,https://dblp.org/pid/142/4506.html
0009-0002-5058-9098,https://dblp.org/pid/179/5159.html
0009-0002-5461-780X,https://dblp.org/pid/243/2469.html
0009-0002-5820-8093,https://dblp.org/pid/14/7924.html
0009-0002-5856-1735,https://dblp.org/pid/51/7188.html
0009-0002-5938-9455,https://dblp.org/pid/89/453-1.html
0009-0002-6268-4033,https://dblp.org/pid/220/7713.html
0009-0002-6956-4368,https://dblp.org/pid/327/4926.html
0009-0002-7816-6230,https://dblp.org/pid/374/9012.html
0009-0002-8170-9136,https://dblp.org/pid/322/2024.html
0009-0002-8616-0234,https://dblp.org/pid/206/1185.html
0009-0003-0193-493X,https://dblp.org/pid/162/1541.html
0009-0003-0548-6193,https://dblp.org/pid/120/5913.html
0009-0003-0935-4745,https://dblp.org/pid/16/9798.html
0009-0003-1547-9923,https://dblp.org/pid/31/2214.html
0009-0003-1647-4841,https://dblp.org/pid/80/3528.html
0009-0003-6856-2544,https://dblp.org/pid/06/11412.html
0009-0003-8149-3942,https://dblp.org/pid/j/BonnieEJohn.html
0009-0003-8570-7215,https://dblp.org/pid/239/7740.html
0009-0003-9120-4526,https://dblp.org/pid/227/2812.html
0009-0003-9295-5743,https://dblp.org/pid/85/2081.html
0009-0003-9738-0723,https://dblp.org/pid/89/2300.html
0009-0004-1950-7781,https://dblp.org/pid/54/8733.html
0009-0004-3509-5502,https://dblp.org/pid/54/6752.html
0009-0004-5239-2701,https://dblp.org/pid/63/6065.html
0009-0004-5392-6189,https://dblp.org/pid/362/7607.html
0009-0004-7379-4515,https://dblp.org/pid/194/3686.html
0009-0004-7645-9333,-
0009-0004-8329-4610,https://dblp.org/pid/256/9562.html
0009-0004-9325-9237,https://dblp.org/pid/398/7099.html
0009-0004-9563-554X,https://dblp.org/pid/85/4697.html
0009-0005-0047-7161,https://dblp.org/pid/167/5894.html
0009-0005-0543-3088,https://dblp.org/pid/126/2012.html
0009-0005-3349-6633,https://dblp.org/pid/97/7040.html
0009-0005-3890-9847,https://dblp.org/pid/03/4702-11.html
0009-0005-3958-8387,https://dblp.org/pid/297/7948.html
0009-0005-5551-1611,https://dblp.org/pid/09/588
0009-0005-6351-9752,https://dblp.org/pid/159/0358.html
0009-0005-6909-0926,https://dblp.org/pid/135/6894.html
0009-0005-8580-5215,https://dblp.org/pid/00/10579.html
0009-0005-9707-7817,https://dblp.org/pid/24/3247.html
0009-0005-9819-1443,https://dblp.org/pid/62/28-2.html
0009-0006-1413-1716,https://dblp.org/pid/23/11176.html
0009-0006-1672-8292,https://dblp.org/pid/48/2209.html
0009-0006-2401-5663,https://dblp.org/pid/402/9580.html
0009-0006-5394-2706,https://dblp.org/pid/24/425.html
0009-0006-5999-8129,https://dblp.org/pid/230/8453.html
0009-0006-7158-0219,https://dblp.org/pid/b/ZBenenson.html
0009-0006-8042-885X,https://dblp.org/pid/252/4410.html
0009-0006-8284-3408,https://dblp.org/pid/358/2561.html
0009-0006-9070-1979,https://dblp.org/pid/65/5022.html
0009-0007-0173-1752,https://dblp.org/pid/99/2099.html
0009-0007-0887-4959,https://dblp.org/pid/181/2894-2.html
0009-0007-1455-0395,https://dblp.org/pid/264/7056.html
0009-0007-1820-6129,https://dblp.org/pid/154/6536.html
0009-0007-2318-0357,-
0009-0007-2635-3794,https://dblp.org/pid/a/JonathanArnowitz.html
0009-0007-2743-879X,https://dblp.org/pid/73/680.html
0009-0007-4572-1820,https://dblp.org/pid/02/4358.html
0009-0007-5381-2802,https://dblp.org/pid/83/5342-27.html
0009-0007-5439-9503,https://dblp.org/pid/18/1023.html
0009-0007-5616-3852,https://dblp.org/pid/230/3578.html
0009-0007-6033-3711,https://dblp.org/pid/202/7659-1.html
0009-0007-7927-5689,https://dblp.org/pid/161/3207.html
0009-0007-8239-4136,https://dblp.org/pid/319/3798.html
0009-0007-8949-7269,https://dblp.org/pid/26/428.html
0009-0007-9781-0032,https://dblp.org/pid/80/9544.html
0009-0008-1366-8778,https://dblp.org/pid/n/BonnieANardi.html
0009-0008-1843-2027,https://dblp.org/pid/201/9227.html
0009-0008-4805-8339,https://dblp.org/pid/57/1705.html
0009-0008-5127-0496,https://dblp.org/pid/289/8978.html
0009-0008-6009-6055,https://dblp.org/pid/21/1600.html
0009-0008-7143-2771,https://dblp.org/pid/66/10110-1.html
0009-0008-7900-9265,https://dblp.org/pid/356/8131.html
0009-0008-8108-4854,https://dblp.org/pid/64/6025-255.html
0009-0008-8815-7809,https://dblp.org/pid/292/9949.html
0009-0008-9315-280X,https://dblp.org/pid/251/5814.html
0009-0009-3953-3289,-
0009-0009-4826-1617,https://dblp.org/pid/266/4105.html
0009-0009-5729-1797,https://dblp.org/pid/356/8131.html
0009-0009-5758-707X,https://dblp.org/pid/159/3621.html
0009-0009-6745-5150,https://dblp.org/pid/170/2862.html
0009-0009-6882-1431,https://dblp.org/pid/405/4183.html
0009-0009-7452-8805,https://dblp.org/pid/99/3360.html
0009-0009-8239-937X,https://dblp.org/pid/167/6027.html
0009-0009-9589-7589,-
DATA-0000-0000-0002,https://dblp.org/pid/32/2928.html
DATA-0000-0000-0003,https://dblp.org/pid/68/6546.html
DATA-0000-0000-0004,https://dblp.org/pid/g/MaribethGandy.html
DATA-0000-0000-0005,https://dblp.org/pid/120/4238.html
DATA-0000-0000-0006,https://dblp.org/pid/279/5603.html
DATA-0000-0000-0007,https://dblp.org/pid/78/3852.html
DATA-0000-0000-0008,-
DATA-0000-0000-0009,https://dblp.org/pid/94/11211.html
DATA-0000-0000-0010,https://dblp.org/pid/374/9496.html
DATA-0000-0000-0011,https://dblp.org/pid/72/92.html
DATA-0000-0000-0012,-
DATA-0000-0000-0016,https://dblp.org/pid/52/1554.html
DATA-0000-0000-0018,https://dblp.org/pid/95/4715.html
DATA-0000-0000-0020,https://dblp.org/pid/49/4689.html
DATA-0000-0000-0021,https://dblp.org/pid/09/3967.html
DATA-0000-0000-0022,https://dblp.org/pid/66/6223.html
DATA-0000-0000-0023,https://dblp.org/pid/93/7010.html
DATA-0000-0000-0024,https://dblp.org/pid/48/6316.html
DATA-0000-0000-0025,https://dblp.org/pid/54/4065.html
DATA-0000-0000-0026,https://dblp.org/pid/16/6775.html
DATA-0000-0000-0027,https://dblp.org/pid/86/1812.html
DATA-0000-0000-0029,https://dblp.org/pid/11/2971.html
DATA-0000-0000-0030,https://dblp.org/pid/85/3830.html
DATA-0000-0000-0031,-
DATA-0000-0000-0032,https://dblp.org/pid/69/3817.html
DATA-0000-0000-0033,https://dblp.org/pid/12/4553.html
DATA-0000-0000-0034,https://dblp.org/pid/47/3271.html
DATA-0000-0000-0035,https://dblp.org/pid/61/244.html
DATA-0000-0000-0040,https://dblp.org/pid/14/2116.html
DATA-0000-0000-0041,https://dblp.org/pid/120/4243.html
DATA-0000-0000-0042,https://dblp.org/pid/43/10098.html
DATA-0000-0000-0043,https://dblp.org/pid/41/7665.html
DATA-0000-0000-0044,https://dblp.org/pid/145/0473.html
DATA-0000-0000-0045,https://dblp.org/pid/39/3389.html
DATA-0000-0000-0046,-
DATA-0000-0000-0048,https://dblp.org/pid/53/7940.html
DATA-0000-0000-0049,-
DATA-0000-0000-0050,-
DATA-0000-0000-0052,https://dblp.org/pid/162/9881.html
DATA-0000-0000-0053,https://dblp.org/pid/44/3837.html
DATA-0000-0000-0054,https://dblp.org/pid/16/7264.html
DATA-0000-0000-0055,https://dblp.org/pid/189/9122.html
DATA-0000-0000-0057,https://dblp.org/pid/28/5500-1.html
DATA-0000-0000-0058,https://dblp.org/pid/338/9886.html
DATA-0000-0000-0059,https://dblp.org/pid/237/7602.html
DATA-0000-0000-0060,https://dblp.org/pid/h/SteveHarrison.html
DATA-0000-0000-0061,https://dblp.org/pid/22/6871.html
DATA-0000-0000-0062,https://dblp.org/pid/75/4737.html
DATA-0000-0000-0063,https://dblp.org/pid/201/7896.html
DATA-0000-0000-0064,https://dblp.org/pid/m/JalalMahmud.html
DATA-0000-0000-0065,https://dblp.org/pid/39/285.html
DATA-0000-0000-0066,https://dblp.org/pid/90/126.html
DATA-0000-0000-0067,https://dblp.org/pid/22/3157.html
DATA-0000-0000-0068,https://dblp.org/pid/91/11299.html
DATA-0000-0000-0069,https://dblp.org/pid/161/3237.html
DATA-0000-0000-0070,https://dblp.org/pid/82/4367.html
DATA-0000-0000-0071,-
DATA-0000-0000-0072,https://dblp.org/pid/k/WendyAKellogg.html
DATA-0000-0000-0073,https://dblp.org/pid/87/5086.html
DATA-0000-0000-0074,https://dblp.org/pid/71/2363.html
DATA-0000-0000-0075,https://dblp.org/pid/34/2134.html
DATA-0000-0000-0076,https://dblp.org/pid/74/5817.html
DATA-0000-0000-0077,https://dblp.org/pid/135/1390.html
DATA-0000-0000-0078,https://dblp.org/pid/12/4768.html
DATA-0000-0000-0079,https://dblp.org/pid/89/4564.html
DATA-0000-0000-0080,https://dblp.org/pid/179/4583.html
DATA-0000-0000-0081,https://dblp.org/pid/86/9836.html
DATA-0000-0000-0082,https://dblp.org/pid/v/FrankvanHam.html
DATA-0000-0000-0083,https://dblp.org/pid/i/ShahramIzadi.html
DATA-0000-0000-0084,https://dblp.org/pid/33/6849.html
DATA-0000-0000-0085,https://dblp.org/pid/52/1583.html
DATA-0000-0000-0086,https://dblp.org/pid/28/5497-1.html
DATA-0000-0000-0087,https://dblp.org/pid/46/7561.html
DATA-0000-0000-0088,https://dblp.org/pid/71/5132.html
DATA-0000-0000-0089,https://dblp.org/pid/42/4976.html
DATA-0000-0000-0090,https://dblp.org/pid/09/9308.html
DATA-0000-0000-0091,https://dblp.org/pid/02/10875.html
DATA-0000-0000-0092,https://dblp.org/pid/90/1047.html
DATA-0000-0000-0093,https://dblp.org/pid/87/367.html
DATA-0000-0000-0094,https://dblp.org/pid/08/10486.html
DATA-0000-0000-0095,https://dblp.org/pid/48/3285-1.html
DATA-0000-0000-0096,https://dblp.org/pid/81/5194.html
DATA-0000-0000-0097,https://dblp.org/pid/92/7982.html
DATA-0000-0000-0098,https://dblp.org/pid/99/5161.html
DATA-0000-0000-0099,https://dblp.org/pid/202/7439.html
DATA-0000-0000-0100,https://dblp.org/pid/132/9879.html
DATA-0000-0000-0101,https://dblp.org/pid/35/7982.html
DATA-0000-0000-0102,https://dblp.org/pid/06/3906.html
DATA-0000-0000-0103,https://dblp.org/pid/23/1640.html
DATA-0000-0000-0104,https://dblp.org/pid/58/3313.html
DATA-0000-0000-0105,https://dblp.org/pid/08/4180.html
DATA-0000-0000-0106,https://dblp.org/pid/11/4372.html
DATA-0000-0000-0107,https://dblp.org/pid/99/287.html
DATA-0000-0000-0108,https://dblp.org/pid/88/763.html
DATA-0000-0000-0109,https://dblp.org/pid/98/8013.html
DATA-0000-0000-0110,https://dblp.org/pid/62/5700.html
DATA-0000-0000-0111,https://dblp.org/pid/30/4949.html
DATA-0000-0000-0112,https://dblp.org/pid/11/7509.html
DATA-0000-0000-0113,https://dblp.org/pid/07/5087.html
DATA-0000-0000-0114,https://dblp.org/pid/81/3.html
DATA-0000-0000-0115,https://dblp.org/pid/33/4591.html
DATA-0000-0000-0116,https://dblp.org/pid/00/2996.html
DATA-0000-0000-0117,https://dblp.org/pid/80/3216.html
DATA-0000-0000-0118,https://dblp.org/pid/41/6065.html
DATA-0000-0000-0119,https://dblp.org/pid/59/6230.html
DATA-0000-0000-0120,https://dblp.org/pid/02/5011.html
DATA-0000-0000-0121,https://dblp.org/pid/18/3476.html
DATA-0000-0000-0122,https://dblp.org/pid/32/11413.html
DATA-0000-0000-0123,https://dblp.org/pid/26/7295.html
DATA-0000-0000-0124,https://dblp.org/pid/61/6922.html
DATA-0000-0000-0125,https://dblp.org/pid/31/1261.html
DATA-0000-0000-0126,https://dblp.org/pid/09/2247.html
DATA-0000-0000-0127,https://dblp.org/pid/34/4200.html
DATA-0000-0000-0128,https://dblp.org/pid/s/AndrewSears.html
DATA-0000-0000-0129,https://dblp.org/pid/74/5310.html
DATA-0000-0000-0130,https://dblp.org/pid/20/3214.html
DATA-0000-0000-0131,https://dblp.org/pid/41/1244.html
DATA-0000-0000-0132,https://dblp.org/pid/63/2930.html
DATA-0000-0000-0133,https://dblp.org/pid/59/1197.html
DATA-0000-0000-0134,https://dblp.org/pid/46/84.html
DATA-0000-0000-0135,https://dblp.org/pid/40/6480.html
DATA-0000-0000-0136,https://dblp.org/pid/w/PeterCWright.html
DATA-0000-0000-0137,https://dblp.org/pid/89/6507.html
DATA-0000-0000-0138,https://dblp.org/pid/69/2067.html
DATA-0000-0000-0139,https://dblp.org/pid/82/1230.html
DATA-0000-0000-0140,https://dblp.org/pid/j/AnthonyJameson.html
DATA-0000-0000-0141,https://dblp.org/pid/50/851-1.html
DATA-0000-0000-0142,https://dblp.org/pid/99/2510.html
DATA-0000-0000-0143,https://dblp.org/pid/72/5395.html
DATA-0000-0000-0144,https://dblp.org/pid/04/2009.html
DATA-0000-0000-0145,-
DATA-0000-0000-0146,https://dblp.org/pid/23/5446.html
DATA-0000-0000-0147,https://dblp.org/pid/48/2826.html
DATA-0000-0000-0148,https://dblp.org/pid/94/1757.html
DATA-0000-0000-0149,https://dblp.org/pid/78/6009.html
DATA-0000-0000-0150,https://dblp.org/pid/16/1976.html
DATA-0000-0000-0151,https://dblp.org/pid/71/3546-1.html
DATA-0000-0000-0152,https://dblp.org/pid/88/4239.html
DATA-0000-0000-0153,https://dblp.org/pid/14/2137.html
DATA-0000-0000-0154,https://dblp.org/pid/k/SaraBKiesler.html
DATA-0000-0000-0155,https://dblp.org/pid/47/3271.html
DATA-0000-0000-0156,https://dblp.org/pid/35/2123.html
DATA-0000-0000-0157,https://dblp.org/pid/a/LadaAAdamic.html
DATA-0000-0000-0158,https://dblp.org/pid/79/6156.html
DATA-0000-0000-0159,https://dblp.org/pid/00/5090.html
DATA-0000-0000-0160,https://dblp.org/pid/16/4802.html
DATA-0000-0000-0161,https://dblp.org/pid/n/CliffordNass.html
DATA-0000-0000-0162,https://dblp.org/pid/84/4010.html
DATA-0000-0000-0163,https://dblp.org/pid/94/2065.html
DATA-0000-0000-0164,https://dblp.org/pid/04/1690.html
DATA-0000-0000-0165,https://dblp.org/pid/o/GaryMOlson.html
DATA-0000-0000-0166,https://dblp.org/pid/88/1963.html
DATA-0000-0000-0167,https://dblp.org/pid/90/6024.html
DATA-0000-0000-0168,https://dblp.org/pid/44/193.html
DATA-0000-0000-0169,https://dblp.org/pid/96/4422.html
DATA-0000-0000-0170,https://dblp.org/pid/80/789.html
DATA-0000-0000-0171,https://dblp.org/pid/29/128.html
DATA-0000-0000-0172,https://dblp.org/pid/48/5190.html
DATA-0000-0000-0173,https://dblp.org/pid/94/5371.html
DATA-0000-0000-0174,https://dblp.org/pid/94/5975.html
DATA-0000-0000-0175,https://dblp.org/pid/m/GaryMarsden.html
DATA-0000-0000-0176,https://dblp.org/pid/78/2483.html
DATA-0000-0000-0177,https://dblp.org/pid/03/2919.html
DATA-0000-0000-0178,https://dblp.org/pid/66/6223.html
DATA-0000-0000-0179,https://dblp.org/pid/00/5983.html
DATA-0000-0000-0180,https://dblp.org/pid/45/339.html
DATA-0000-0000-0181,https://dblp.org/pid/164/7113.html
DATA-0000-0000-0182,https://dblp.org/pid/41/1047.html
DATA-0000-0000-0183,https://dblp.org/pid/r/JRiedl.html
DATA-0000-0000-0184,https://dblp.org/pid/38/5312.html
DATA-0000-0000-0185,https://dblp.org/pid/36/307.html
DATA-0000-0000-0186,https://dblp.org/pid/66/3804.html
DATA-0000-0000-0187,https://dblp.org/pid/93/4858.html
DATA-0000-0000-0188,https://dblp.org/pid/47/4793.html
DATA-0000-0000-0189,https://dblp.org/pid/13/5441.html
DATA-0000-0000-0190,https://dblp.org/pid/44/5661.html
DATA-0000-0000-0191,https://dblp.org/pid/79/3920.html
DATA-0000-0000-0192,https://dblp.org/pid/v/GinaVenolia.html
DATA-0000-0000-0193,https://dblp.org/pid/c/StuartKCard.html
DATA-0000-0000-0194,https://dblp.org/pid/w/TerryWinograd.html
DATA-0000-0000-0195,https://dblp.org/pid/29/765.html
DATA-0000-0000-0196,https://dblp.org/pid/21/3018.html
DATA-0000-0000-0197,https://dblp.org/pid/r/FrankERitter.html
DATA-0000-0000-0198,https://dblp.org/pid/75/2334.html
DATA-0000-0000-0199,https://dblp.org/pid/33/4385.html
DATA-0000-0000-0200,https://dblp.org/pid/59/10119.html
DATA-0000-0000-0201,https://dblp.org/pid/11/2971.html
DATA-0000-0000-0202,https://dblp.org/pid/47/3816.html
DATA-0000-0000-0203,https://dblp.org/pid/76/3795.html
DATA-0000-0000-0204,https://dblp.org/pid/64/1887.html
DATA-0000-0000-0205,https://dblp.org/pid/f/ShellyFarnham.html
DATA-0000-0000-0206,https://dblp.org/pid/93/4409.html
DATA-0000-0000-0207,https://dblp.org/pid/93/893.html
DATA-0000-0000-0208,https://dblp.org/pid/r/GGRobertson.html
DATA-0000-0000-0209,https://dblp.org/pid/d/JudithSDonath.html
DATA-0000-0000-0210,https://dblp.org/pid/y/NicoleYankelovich.html
DATA-0000-0000-0211,https://dblp.org/pid/23/4731.html
DATA-0000-0000-0212,https://dblp.org/pid/09/10440.html
DATA-0000-0000-0213,https://dblp.org/pid/83/638.html
DATA-0000-0000-0216,https://dblp.org/pid/53/781.html
DATA-0000-0000-0217,https://dblp.org/pid/119/4546.html
DATA-0000-0000-0218,https://dblp.org/pid/79/7045.html
DATA-0000-0000-0219,https://dblp.org/pid/17/5922.html
DATA-0000-0000-0220,https://dblp.org/pid/60/2397.html
DATA-0000-0000-0221,https://dblp.org/pid/77/5827.html
DATA-0000-0000-0223,https://dblp.org/pid/91/112-41.html
DATA-0000-0000-0224,https://dblp.org/pid/66/5122.html
DATA-0000-0000-0225,https://dblp.org/pid/90/1047.html
DATA-0000-0000-0226,https://dblp.org/pid/48/6316.html
DATA-0000-0000-0227,https://dblp.org/pid/m/GaryMarsden.html
DATA-0000-0000-0228,https://dblp.org/pid/15/5180.html
DATA-0000-0000-0229,https://dblp.org/pid/o/ReinhardOppermann.html
DATA-0000-0000-0230,https://dblp.org/pid/46/5422.html
DATA-0000-0000-0231,https://dblp.org/pid/30/5320.html
DATA-0000-0000-0232,-
DATA-0000-0000-0233,https://dblp.org/pid/53/36-2.html
DATA-0000-0000-0234,https://dblp.org/pid/32/6074.html
DATA-0000-0000-0235,https://dblp.org/pid/n/PaddyNixon.html
DATA-0000-0000-0236,https://dblp.org/pid/76/6315.html
DATA-0000-0000-0237,https://dblp.org/pid/57/1252.html
DATA-0000-0000-0238,https://dblp.org/pid/48/2676.html
DATA-0000-0000-0239,https://dblp.org/pid/41/6702.html
DATA-0000-0000-0240,https://dblp.org/pid/88/4117.html
DATA-0000-0000-0241,https://dblp.org/pid/b/PeterJBrown.html
DATA-0000-0000-0242,https://dblp.org/pid/86/3923-1.html
DATA-0000-0000-0243,https://dblp.org/pid/27/4579.html
DATA-0000-0000-0244,https://dblp.org/pid/99/1468.html
DATA-0000-0000-0245,https://dblp.org/pid/79/1144.html
DATA-0000-0000-0246,https://dblp.org/pid/80/6328.html
DATA-0000-0000-0247,https://dblp.org/pid/82/1272.html
DATA-0000-0000-0248,https://dblp.org/pid/59/1965.html
DATA-0000-0000-0249,https://dblp.org/pid/b/LornaMBrown.html
DATA-0000-0000-0250,https://dblp.org/pid/83/5845.html
DATA-0000-0000-0251,https://dblp.org/pid/31/101.html
DATA-0000-0000-0252,https://dblp.org/pid/58/5294.html
DATA-0000-0000-0253,https://dblp.org/pid/90/1082-2.html
DATA-0000-0000-0254,https://dblp.org/pid/81/229.html
DATA-0000-0000-0255,https://dblp.org/pid/67/2165.html
DATA-0000-0000-0256,https://dblp.org/pid/08/5232.html
DATA-0000-0000-0257,https://dblp.org/pid/80/3018.html
DATA-0000-0000-0258,https://dblp.org/pid/57/6528.html
DATA-0000-0000-0259,https://dblp.org/pid/91/2344.html
DATA-0000-0000-0260,https://dblp.org/pid/55/6215.html
DATA-0000-0000-0261,https://dblp.org/pid/99/5405.html
DATA-0000-0000-0262,https://dblp.org/pid/90/5059.html
DATA-0000-0000-0263,https://dblp.org/pid/82/3978.html
DATA-0000-0000-0264,https://dblp.org/pid/14/3350.html
DATA-0000-0000-0265,https://dblp.org/pid/43/5906.html
DATA-0000-0000-0266,https://dblp.org/pid/63/8235.html
DATA-0000-0000-0267,https://dblp.org/pid/08/297.html
DATA-0000-0000-0268,https://dblp.org/pid/49/6972.html
DATA-0000-0000-0269,https://dblp.org/pid/43/3574.html
DATA-0000-0000-0270,https://dblp.org/pid/59/3581.html
DATA-0000-0000-0271,https://dblp.org/pid/69/60.html
DATA-0000-0000-0272,https://dblp.org/pid/09/5895.html
DATA-0000-0000-0273,https://dblp.org/pid/01/3315.html
DATA-0000-0000-0274,https://dblp.org/pid/69/701.html
DATA-0000-0000-0275,https://dblp.org/pid/163/3383.html
DATA-0000-0000-0276,https://dblp.org/pid/45/2621.html
DATA-0000-0000-0277,https://dblp.org/pid/30/6886.html
DATA-0000-0000-0278,https://dblp.org/pid/85/839.html
DATA-0000-0000-0279,https://dblp.org/pid/74/6475.html
DATA-0000-0000-0280,https://dblp.org/pid/21/3248.html
DATA-0000-0000-0281,https://dblp.org/pid/66/6995.html
DATA-0000-0000-0282,https://dblp.org/pid/50/1221.html
DATA-0000-0000-0283,https://dblp.org/pid/217/2588.html
DATA-0000-0000-0284,https://dblp.org/pid/89/5783.html
DATA-0000-0000-0285,https://dblp.org/pid/07/3167.html
DATA-0000-0000-0286,https://dblp.org/pid/49/3283-9.html
DATA-0000-0000-0287,https://dblp.org/pid/m/CarstenMagerkurth.html
DATA-0000-0000-0288,https://dblp.org/pid/87/1485.html
DATA-0000-0000-0289,https://dblp.org/pid/203/0397.html
DATA-0000-0000-0290,https://dblp.org/pid/36/2893.html
DATA-0000-0000-0291,https://dblp.org/pid/47/5613.html
DATA-0000-0000-0292,https://dblp.org/pid/07/3104.html
DATA-0000-0000-0293,https://dblp.org/pid/43/2661.html
DATA-0000-0000-0294,https://dblp.org/pid/12/4394.html
DATA-0000-0000-0295,https://dblp.org/pid/49/6687.html
DATA-0000-0000-0296,https://dblp.org/pid/v/BillVerplank.html
DATA-0000-0000-0297,https://dblp.org/pid/00/6929.html
DATA-0000-0000-0298,https://dblp.org/pid/o/DanROlsen.html
DATA-0000-0000-0299,https://dblp.org/pid/14/3350.html
DATA-0000-0000-0300,https://dblp.org/pid/04/1690.html
DATA-0000-0000-0301,https://dblp.org/pid/41/3922.html
DATA-0000-0000-0302,https://dblp.org/pid/38/4187.html
DATA-0000-0000-0303,https://dblp.org/pid/s/NoiSukaviriya.html
DATA-0000-0000-0304,https://dblp.org/pid/91/6890.html
DATA-0000-0000-0305,https://dblp.org/pid/d/SusanTDumais.html
DATA-0000-0000-0306,https://dblp.org/pid/27/1677.html
DATA-0000-0000-0307,https://dblp.org/pid/30/3377.html
DATA-0000-0000-0308,https://dblp.org/pid/03/2919.html
0000-0001-5021-2042,https://dblp.org/pid/07/6816.html
DATA-0000-0000-0309,https://dblp.org/pid/82/6398.html
DATA-0000-0000-0310,https://dblp.org/pid/94/1023.html
DATA-0000-0000-0311,https://dblp.org/pid/86/6790.html
DATA-0000-0000-0312,https://dblp.org/pid/31/1152.html
DATA-0000-0000-0313,https://dblp.org/pid/88/5815.html
DATA-0000-0000-0314,https://dblp.org/pid/92/660.html
DATA-0000-0000-0315,-
0000-0002-0442-691X,https://dblp.org/pid/m/RobMiller.html
DATA-0000-0000-0316,https://dblp.org/pid/15/8748.html
DATA-0000-0000-0317,https://dblp.org/pid/35/1616.html
DATA-0000-0000-0318,https://dblp.org/pid/33/5893.html
DATA-0000-0000-0319,https://dblp.org/pid/138/6540.html
DATA-0000-0000-0320,https://dblp.org/pid/38/4981.html
DATA-0000-0000-0321,https://dblp.org/pid/61/3742.html
DATA-0000-0000-0322,https://dblp.org/pid/59/1973.html
DATA-0000-0000-0323,https://dblp.org/pid/20/9727.html
DATA-0000-0000-0324,-
DATA-0000-0000-0325,https://dblp.org/pid/84/4218.html
DATA-0000-0000-0326,https://dblp.org/pid/52/6479.html
DATA-0000-0000-0327,-
0000-0001-6941-4939,https://dblp.org/pid/19/4597.html
DATA-0000-0000-0328,https://dblp.org/pid/27/1677.html
DATA-0000-0000-0329,https://dblp.org/pid/82/230.html
DATA-0000-0000-0330,https://dblp.org/pid/16/4097.html
DATA-0000-0000-0331,https://dblp.org/pid/06/456.html
DATA-0000-0000-0332,https://dblp.org/pid/82/2914.html
0009-0008-4207-5541,https://dblp.org/pid/j/JulieAJacko.html
0000-0002-8784-3814,https://dblp.org/pid/52/4627.html
DATA-0000-0000-0333,https://dblp.org/pid/31/101.html
DATA-0000-0000-0334,https://dblp.org/pid/90/5059.html
DATA-0000-0000-0335,https://dblp.org/pid/e/ThomasErickson.html
0000-0002-7788-2748,https://dblp.org/pid/09/3004.html
0000-0003-2631-8802,https://dblp.org/pid/91/4380.html
0000-0002-4830-5298,https://dblp.org/pid/b/MCCBaranauskas.html